author_id,work_id,last_created_by,last_created_at,last_modified_by,last_modified_at
1,15914827,'a2bec9ef-28a6-41cb-937b-adaf51dd5ca7','2025-02-24 23:14:57','a2bec9ef-28a6-41cb-937b-adaf51dd5ca7','2025-02-24 23:14:57'
2,26125382,'a2bec9ef-28a6-41cb-937b-adaf51dd5ca7','2025-02-24 23:14:57','a2bec9ef-28a6-41cb-937b-adaf51dd5ca7','2025-02-24 23:14:57'
3,22737159,'a2bec9ef-28a6-41cb-937b-adaf51dd5ca7','2025-02-24 23:14:57','a2bec9ef-28a6-41cb-937b-adaf51dd5ca7','2025-02-24 23:14:57'
4,18323083,'a2bec9ef-28a6-41cb-937b-adaf51dd5ca7','2025-02-24 23:14:57','a2bec9ef-28a6-41cb-937b-adaf51dd5ca7','2025-02-24 23:14:57'
4,20537538,'a2bec9ef-28a6-41cb-937b-adaf51dd5ca7','2025-02-24 23:14:57','a2bec9ef-28a6-41cb-937b-adaf51dd5ca7','2025-02-24 23:14:57'
5,903544,'a2bec9ef-28a6-41cb-937b-adaf51dd5ca7','2025-02-24 23:14:57','a2bec9ef-28a6-41cb-937b-adaf51dd5ca7','2025-02-24 23:14:57'
5,3226978,'a2bec9ef-28a6-41cb-937b-adaf51dd5ca7','2025-02-24 23:14:57','a2bec9ef-28a6-41cb-937b-adaf51dd5ca7','2025-02-24 23:14:57'
5,12573597,'a2bec9ef-28a6-41cb-937b-adaf51dd5ca7','2025-02-24 23:14:57','a2bec9ef-28a6-41cb-937b-adaf51dd5ca7','2025-02-24 23:14:57'
5,20822198,'a2bec9ef-28a6-41cb-937b-adaf51dd5ca7','2025-02-24 23:14:57','a2bec9ef-28a6-41cb-937b-adaf51dd5ca7','2025-02-24 23:14:57'
5,21220608,'a2bec9ef-28a6-41cb-937b-adaf51dd5ca7','2025-02-24 23:14:57','a2bec9ef-28a6-41cb-937b-adaf51dd5ca7','2025-02-24 23:14:57'
5,25349273,'a2bec9ef-28a6-41cb-937b-adaf51dd5ca7','2025-02-24 23:14:57','a2bec9ef-28a6-41cb-937b-adaf51dd5ca7','2025-02-24 23:14:57'
5,29666711,'a2bec9ef-28a6-41cb-937b-adaf51dd5ca7','2025-02-24 23:14:57','a2bec9ef-28a6-41cb-937b-adaf51dd5ca7','2025-02-24 23:14:57'
5,34539211,'a2bec9ef-28a6-41cb-937b-adaf51dd5ca7','2025-02-24 23:14:57','a2bec9ef-28a6-41cb-937b-adaf51dd5ca7','2025-02-24 23:14:57'
6,16799459,'a2bec9ef-28a6-41cb-937b-adaf51dd5ca7','2025-02-24 23:14:57','a2bec9ef-28a6-41cb-937b-adaf51dd5ca7','2025-02-24 23:14:57'
7,23469651,'a2bec9ef-28a6-41cb-937b-adaf51dd5ca7','2025-02-24 23:14:57','a2bec9ef-28a6-41cb-937b-adaf51dd5ca7','2025-02-24 23:14:57'
8,16747819,'a2bec9ef-28a6-41cb-937b-adaf51dd5ca7','2025-02-24 23:14:57','a2bec9ef-28a6-41cb-937b-adaf51dd5ca7','2025-02-24 23:14:57'
8,35776233,'a2bec9ef-28a6-41cb-937b-adaf51dd5ca7','2025-02-24 23:14:57','a2bec9ef-28a6-41cb-937b-adaf51dd5ca7','2025-02-24 23:14:57'
9,28058459,'a2bec9ef-28a6-41cb-937b-adaf51dd5ca7','2025-02-24 23:14:57','a2bec9ef-28a6-41cb-937b-adaf51dd5ca7','2025-02-24 23:14:57'
10,20822255,'a2bec9ef-28a6-41cb-937b-adaf51dd5ca7','2025-02-24 23:14:57','a2bec9ef-28a6-41cb-937b-adaf51dd5ca7','2025-02-24 23:14:57'
11,11964594,'a2bec9ef-28a6-41cb-937b-adaf51dd5ca7','2025-02-24 23:14:57','a2bec9ef-28a6-41cb-937b-adaf51dd5ca7','2025-02-24 23:14:57'
12,3074244,'a2bec9ef-28a6-41cb-937b-adaf51dd5ca7','2025-02-24 23:14:57','a2bec9ef-28a6-41cb-937b-adaf51dd5ca7','2025-02-24 23:14:57'
12,7205969,'a2bec9ef-28a6-41cb-937b-adaf51dd5ca7','2025-02-24 23:14:57','a2bec9ef-28a6-41cb-937b-adaf51dd5ca7','2025-02-24 23:14:57'
12,17822927,'a2bec9ef-28a6-41cb-937b-adaf51dd5ca7','2025-02-24 23:14:57','a2bec9ef-28a6-41cb-937b-adaf51dd5ca7','2025-02-24 23:14:57'
13,34330772,'a2bec9ef-28a6-41cb-937b-adaf51dd5ca7','2025-02-24 23:14:57','a2bec9ef-28a6-41cb-937b-adaf51dd5ca7','2025-02-24 23:14:57'
14,17233530,'a2bec9ef-28a6-41cb-937b-adaf51dd5ca7','2025-02-24 23:14:57','a2bec9ef-28a6-41cb-937b-adaf51dd5ca7','2025-02-24 23:14:57'
15,26574325,'a2bec9ef-28a6-41cb-937b-adaf51dd5ca7','2025-02-24 23:14:57','a2bec9ef-28a6-41cb-937b-adaf51dd5ca7','2025-02-24 23:14:57'
15,32805684,'a2bec9ef-28a6-41cb-937b-adaf51dd5ca7','2025-02-24 23:14:57','a2bec9ef-28a6-41cb-937b-adaf51dd5ca7','2025-02-24 23:14:57'
16,22301335,'a2bec9ef-28a6-41cb-937b-adaf51dd5ca7','2025-02-24 23:14:57','a2bec9ef-28a6-41cb-937b-adaf51dd5ca7','2025-02-24 23:14:57'
17,22301335,'a2bec9ef-28a6-41cb-937b-adaf51dd5ca7','2025-02-24 23:14:57','a2bec9ef-28a6-41cb-937b-adaf51dd5ca7','2025-02-24 23:14:57'
18,26125382,'a2bec9ef-28a6-41cb-937b-adaf51dd5ca7','2025-02-24 23:14:57','a2bec9ef-28a6-41cb-937b-adaf51dd5ca7','2025-02-24 23:14:57'
19,5944246,'a2bec9ef-28a6-41cb-937b-adaf51dd5ca7','2025-02-24 23:14:57','a2bec9ef-28a6-41cb-937b-adaf51dd5ca7','2025-02-24 23:14:57'
19,14938686,'a2bec9ef-28a6-41cb-937b-adaf51dd5ca7','2025-02-24 23:14:57','a2bec9ef-28a6-41cb-937b-adaf51dd5ca7','2025-02-24 23:14:57'
19,22313447,'a2bec9ef-28a6-41cb-937b-adaf51dd5ca7','2025-02-24 23:14:57','a2bec9ef-28a6-41cb-937b-adaf51dd5ca7','2025-02-24 23:14:57'
20,9271237,'a2bec9ef-28a6-41cb-937b-adaf51dd5ca7','2025-02-24 23:14:57','a2bec9ef-28a6-41cb-937b-adaf51dd5ca7','2025-02-24 23:14:57'
20,19002777,'a2bec9ef-28a6-41cb-937b-adaf51dd5ca7','2025-02-24 23:14:57','a2bec9ef-28a6-41cb-937b-adaf51dd5ca7','2025-02-24 23:14:57'
20,22985008,'a2bec9ef-28a6-41cb-937b-adaf51dd5ca7','2025-02-24 23:14:57','a2bec9ef-28a6-41cb-937b-adaf51dd5ca7','2025-02-24 23:14:57'
21,2781497,'a2bec9ef-28a6-41cb-937b-adaf51dd5ca7','2025-02-24 23:14:57','a2bec9ef-28a6-41cb-937b-adaf51dd5ca7','2025-02-24 23:14:57'
22,26125382,'a2bec9ef-28a6-41cb-937b-adaf51dd5ca7','2025-02-24 23:14:57','a2bec9ef-28a6-41cb-937b-adaf51dd5ca7','2025-02-24 23:14:57'
23,20769998,'a2bec9ef-28a6-41cb-937b-adaf51dd5ca7','2025-02-24 23:14:57','a2bec9ef-28a6-41cb-937b-adaf51dd5ca7','2025-02-24 23:14:57'
24,24836471,'a2bec9ef-28a6-41cb-937b-adaf51dd5ca7','2025-02-24 23:14:57','a2bec9ef-28a6-41cb-937b-adaf51dd5ca7','2025-02-24 23:14:57'
25,36813226,'a2bec9ef-28a6-41cb-937b-adaf51dd5ca7','2025-02-24 23:14:57','a2bec9ef-28a6-41cb-937b-adaf51dd5ca7','2025-02-24 23:14:57'
26,19493101,'a2bec9ef-28a6-41cb-937b-adaf51dd5ca7','2025-02-24 23:14:57','a2bec9ef-28a6-41cb-937b-adaf51dd5ca7','2025-02-24 23:14:57'
27,27893495,'a2bec9ef-28a6-41cb-937b-adaf51dd5ca7','2025-02-24 23:14:57','a2bec9ef-28a6-41cb-937b-adaf51dd5ca7','2025-02-24 23:14:57'
28,11491702,'a2bec9ef-28a6-41cb-937b-adaf51dd5ca7','2025-02-24 23:14:57','a2bec9ef-28a6-41cb-937b-adaf51dd5ca7','2025-02-24 23:14:57'
28,19493101,'a2bec9ef-28a6-41cb-937b-adaf51dd5ca7','2025-02-24 23:14:57','a2bec9ef-28a6-41cb-937b-adaf51dd5ca7','2025-02-24 23:14:57'
29,9950319,'a2bec9ef-28a6-41cb-937b-adaf51dd5ca7','2025-02-24 23:14:57','a2bec9ef-28a6-41cb-937b-adaf51dd5ca7','2025-02-24 23:14:57'
30,15080797,'a2bec9ef-28a6-41cb-937b-adaf51dd5ca7','2025-02-24 23:14:57','a2bec9ef-28a6-41cb-937b-adaf51dd5ca7','2025-02-24 23:14:57'
31,8877039,'a2bec9ef-28a6-41cb-937b-adaf51dd5ca7','2025-02-24 23:14:57','a2bec9ef-28a6-41cb-937b-adaf51dd5ca7','2025-02-24 23:14:57'
32,5897211,'a2bec9ef-28a6-41cb-937b-adaf51dd5ca7','2025-02-24 23:14:57','a2bec9ef-28a6-41cb-937b-adaf51dd5ca7','2025-02-24 23:14:57'
33,21669015,'a2bec9ef-28a6-41cb-937b-adaf51dd5ca7','2025-02-24 23:14:57','a2bec9ef-28a6-41cb-937b-adaf51dd5ca7','2025-02-24 23:14:57'
33,24323167,'a2bec9ef-28a6-41cb-937b-adaf51dd5ca7','2025-02-24 23:14:57','a2bec9ef-28a6-41cb-937b-adaf51dd5ca7','2025-02-24 23:14:57'
33,27271702,'a2bec9ef-28a6-41cb-937b-adaf51dd5ca7','2025-02-24 23:14:57','a2bec9ef-28a6-41cb-937b-adaf51dd5ca7','2025-02-24 23:14:57'
34,20822255,'a2bec9ef-28a6-41cb-937b-adaf51dd5ca7','2025-02-24 23:14:57','a2bec9ef-28a6-41cb-937b-adaf51dd5ca7','2025-02-24 23:14:57'
35,31299771,'a2bec9ef-28a6-41cb-937b-adaf51dd5ca7','2025-02-24 23:14:57','a2bec9ef-28a6-41cb-937b-adaf51dd5ca7','2025-02-24 23:14:57'
36,23755,'a2bec9ef-28a6-41cb-937b-adaf51dd5ca7','2025-02-24 23:14:57','a2bec9ef-28a6-41cb-937b-adaf51dd5ca7','2025-02-24 23:14:57'
37,20186079,'a2bec9ef-28a6-41cb-937b-adaf51dd5ca7','2025-02-24 23:14:57','a2bec9ef-28a6-41cb-937b-adaf51dd5ca7','2025-02-24 23:14:57'
38,22887768,'a2bec9ef-28a6-41cb-937b-adaf51dd5ca7','2025-02-24 23:14:57','a2bec9ef-28a6-41cb-937b-adaf51dd5ca7','2025-02-24 23:14:57'
39,10047354,'a2bec9ef-28a6-41cb-937b-adaf51dd5ca7','2025-02-24 23:14:57','a2bec9ef-28a6-41cb-937b-adaf51dd5ca7','2025-02-24 23:14:57'
39,23468938,'a2bec9ef-28a6-41cb-937b-adaf51dd5ca7','2025-02-24 23:14:57','a2bec9ef-28a6-41cb-937b-adaf51dd5ca7','2025-02-24 23:14:57'
39,25232699,'a2bec9ef-28a6-41cb-937b-adaf51dd5ca7','2025-02-24 23:14:57','a2bec9ef-28a6-41cb-937b-adaf51dd5ca7','2025-02-24 23:14:57'
40,22301335,'a2bec9ef-28a6-41cb-937b-adaf51dd5ca7','2025-02-24 23:14:57','a2bec9ef-28a6-41cb-937b-adaf51dd5ca7','2025-02-24 23:14:57'
41,12424084,'a2bec9ef-28a6-41cb-937b-adaf51dd5ca7','2025-02-24 23:14:57','a2bec9ef-28a6-41cb-937b-adaf51dd5ca7','2025-02-24 23:14:57'
41,24836471,'a2bec9ef-28a6-41cb-937b-adaf51dd5ca7','2025-02-24 23:14:57','a2bec9ef-28a6-41cb-937b-adaf51dd5ca7','2025-02-24 23:14:57'
41,30857117,'a2bec9ef-28a6-41cb-937b-adaf51dd5ca7','2025-02-24 23:14:57','a2bec9ef-28a6-41cb-937b-adaf51dd5ca7','2025-02-24 23:14:57'
42,28058459,'a2bec9ef-28a6-41cb-937b-adaf51dd5ca7','2025-02-24 23:14:57','a2bec9ef-28a6-41cb-937b-adaf51dd5ca7','2025-02-24 23:14:57'
43,23178063,'a2bec9ef-28a6-41cb-937b-adaf51dd5ca7','2025-02-24 23:14:57','a2bec9ef-28a6-41cb-937b-adaf51dd5ca7','2025-02-24 23:14:57'
44,23755,'a2bec9ef-28a6-41cb-937b-adaf51dd5ca7','2025-02-24 23:14:57','a2bec9ef-28a6-41cb-937b-adaf51dd5ca7','2025-02-24 23:14:57'
45,14142529,'a2bec9ef-28a6-41cb-937b-adaf51dd5ca7','2025-02-24 23:14:57','a2bec9ef-28a6-41cb-937b-adaf51dd5ca7','2025-02-24 23:14:57'
46,23478563,'a2bec9ef-28a6-41cb-937b-adaf51dd5ca7','2025-02-24 23:14:57','a2bec9ef-28a6-41cb-937b-adaf51dd5ca7','2025-02-24 23:14:57'
47,23478563,'a2bec9ef-28a6-41cb-937b-adaf51dd5ca7','2025-02-24 23:14:57','a2bec9ef-28a6-41cb-937b-adaf51dd5ca7','2025-02-24 23:14:57'
48,19493101,'a2bec9ef-28a6-41cb-937b-adaf51dd5ca7','2025-02-24 23:14:57','a2bec9ef-28a6-41cb-937b-adaf51dd5ca7','2025-02-24 23:14:57'
49,7839769,'a2bec9ef-28a6-41cb-937b-adaf51dd5ca7','2025-02-24 23:14:57','a2bec9ef-28a6-41cb-937b-adaf51dd5ca7','2025-02-24 23:14:57'
49,8682775,'a2bec9ef-28a6-41cb-937b-adaf51dd5ca7','2025-02-24 23:14:57','a2bec9ef-28a6-41cb-937b-adaf51dd5ca7','2025-02-24 23:14:57'
49,12665099,'a2bec9ef-28a6-41cb-937b-adaf51dd5ca7','2025-02-24 23:14:57','a2bec9ef-28a6-41cb-937b-adaf51dd5ca7','2025-02-24 23:14:57'
49,18896551,'a2bec9ef-28a6-41cb-937b-adaf51dd5ca7','2025-02-24 23:14:57','a2bec9ef-28a6-41cb-937b-adaf51dd5ca7','2025-02-24 23:14:57'
49,19346459,'a2bec9ef-28a6-41cb-937b-adaf51dd5ca7','2025-02-24 23:14:57','a2bec9ef-28a6-41cb-937b-adaf51dd5ca7','2025-02-24 23:14:57'
49,21552389,'a2bec9ef-28a6-41cb-937b-adaf51dd5ca7','2025-02-24 23:14:57','a2bec9ef-28a6-41cb-937b-adaf51dd5ca7','2025-02-24 23:14:57'
49,23623214,'a2bec9ef-28a6-41cb-937b-adaf51dd5ca7','2025-02-24 23:14:57','a2bec9ef-28a6-41cb-937b-adaf51dd5ca7','2025-02-24 23:14:57'
49,24655395,'a2bec9ef-28a6-41cb-937b-adaf51dd5ca7','2025-02-24 23:14:57','a2bec9ef-28a6-41cb-937b-adaf51dd5ca7','2025-02-24 23:14:57'
49,26819835,'a2bec9ef-28a6-41cb-937b-adaf51dd5ca7','2025-02-24 23:14:57','a2bec9ef-28a6-41cb-937b-adaf51dd5ca7','2025-02-24 23:14:57'
49,27455491,'a2bec9ef-28a6-41cb-937b-adaf51dd5ca7','2025-02-24 23:14:57','a2bec9ef-28a6-41cb-937b-adaf51dd5ca7','2025-02-24 23:14:57'
49,28045211,'a2bec9ef-28a6-41cb-937b-adaf51dd5ca7','2025-02-24 23:14:57','a2bec9ef-28a6-41cb-937b-adaf51dd5ca7','2025-02-24 23:14:57'
49,31588575,'a2bec9ef-28a6-41cb-937b-adaf51dd5ca7','2025-02-24 23:14:57','a2bec9ef-28a6-41cb-937b-adaf51dd5ca7','2025-02-24 23:14:57'
49,33460789,'a2bec9ef-28a6-41cb-937b-adaf51dd5ca7','2025-02-24 23:14:57','a2bec9ef-28a6-41cb-937b-adaf51dd5ca7','2025-02-24 23:14:57'
50,26233994,'a2bec9ef-28a6-41cb-937b-adaf51dd5ca7','2025-02-24 23:14:57','a2bec9ef-28a6-41cb-937b-adaf51dd5ca7','2025-02-24 23:14:57'
51,3161116,'a2bec9ef-28a6-41cb-937b-adaf51dd5ca7','2025-02-24 23:14:57','a2bec9ef-28a6-41cb-937b-adaf51dd5ca7','2025-02-24 23:14:57'
52,32939308,'a2bec9ef-28a6-41cb-937b-adaf51dd5ca7','2025-02-24 23:14:57','a2bec9ef-28a6-41cb-937b-adaf51dd5ca7','2025-02-24 23:14:57'
53,616103,'a2bec9ef-28a6-41cb-937b-adaf51dd5ca7','2025-02-24 23:14:57','a2bec9ef-28a6-41cb-937b-adaf51dd5ca7','2025-02-24 23:14:57'
54,10160214,'a2bec9ef-28a6-41cb-937b-adaf51dd5ca7','2025-02-24 23:14:57','a2bec9ef-28a6-41cb-937b-adaf51dd5ca7','2025-02-24 23:14:57'
55,36813226,'a2bec9ef-28a6-41cb-937b-adaf51dd5ca7','2025-02-24 23:14:57','a2bec9ef-28a6-41cb-937b-adaf51dd5ca7','2025-02-24 23:14:57'
56,22401508,'a2bec9ef-28a6-41cb-937b-adaf51dd5ca7','2025-02-24 23:14:57','a2bec9ef-28a6-41cb-937b-adaf51dd5ca7','2025-02-24 23:14:57'
57,5746445,'a2bec9ef-28a6-41cb-937b-adaf51dd5ca7','2025-02-24 23:14:57','a2bec9ef-28a6-41cb-937b-adaf51dd5ca7','2025-02-24 23:14:57'
58,14481678,'a2bec9ef-28a6-41cb-937b-adaf51dd5ca7','2025-02-24 23:14:57','a2bec9ef-28a6-41cb-937b-adaf51dd5ca7','2025-02-24 23:14:57'
59,23478563,'a2bec9ef-28a6-41cb-937b-adaf51dd5ca7','2025-02-24 23:14:57','a2bec9ef-28a6-41cb-937b-adaf51dd5ca7','2025-02-24 23:14:57'
60,2781497,'a2bec9ef-28a6-41cb-937b-adaf51dd5ca7','2025-02-24 23:14:57','a2bec9ef-28a6-41cb-937b-adaf51dd5ca7','2025-02-24 23:14:57'
61,12573597,'a2bec9ef-28a6-41cb-937b-adaf51dd5ca7','2025-02-24 23:14:57','a2bec9ef-28a6-41cb-937b-adaf51dd5ca7','2025-02-24 23:14:57'
62,1910054,'a2bec9ef-28a6-41cb-937b-adaf51dd5ca7','2025-02-24 23:14:57','a2bec9ef-28a6-41cb-937b-adaf51dd5ca7','2025-02-24 23:14:57'
62,11940688,'a2bec9ef-28a6-41cb-937b-adaf51dd5ca7','2025-02-24 23:14:57','a2bec9ef-28a6-41cb-937b-adaf51dd5ca7','2025-02-24 23:14:57'
62,13267675,'a2bec9ef-28a6-41cb-937b-adaf51dd5ca7','2025-02-24 23:14:57','a2bec9ef-28a6-41cb-937b-adaf51dd5ca7','2025-02-24 23:14:57'
62,17986082,'a2bec9ef-28a6-41cb-937b-adaf51dd5ca7','2025-02-24 23:14:57','a2bec9ef-28a6-41cb-937b-adaf51dd5ca7','2025-02-24 23:14:57'
62,20822255,'a2bec9ef-28a6-41cb-937b-adaf51dd5ca7','2025-02-24 23:14:57','a2bec9ef-28a6-41cb-937b-adaf51dd5ca7','2025-02-24 23:14:57'
62,27128977,'a2bec9ef-28a6-41cb-937b-adaf51dd5ca7','2025-02-24 23:14:57','a2bec9ef-28a6-41cb-937b-adaf51dd5ca7','2025-02-24 23:14:57'
62,33769672,'a2bec9ef-28a6-41cb-937b-adaf51dd5ca7','2025-02-24 23:14:57','a2bec9ef-28a6-41cb-937b-adaf51dd5ca7','2025-02-24 23:14:57'
62,35097490,'a2bec9ef-28a6-41cb-937b-adaf51dd5ca7','2025-02-24 23:14:57','a2bec9ef-28a6-41cb-937b-adaf51dd5ca7','2025-02-24 23:14:57'
63,1910054,'a2bec9ef-28a6-41cb-937b-adaf51dd5ca7','2025-02-24 23:14:57','a2bec9ef-28a6-41cb-937b-adaf51dd5ca7','2025-02-24 23:14:57'
64,27893495,'a2bec9ef-28a6-41cb-937b-adaf51dd5ca7','2025-02-24 23:14:57','a2bec9ef-28a6-41cb-937b-adaf51dd5ca7','2025-02-24 23:14:57'
65,616103,'a2bec9ef-28a6-41cb-937b-adaf51dd5ca7','2025-02-24 23:14:57','a2bec9ef-28a6-41cb-937b-adaf51dd5ca7','2025-02-24 23:14:57'
66,10160214,'a2bec9ef-28a6-41cb-937b-adaf51dd5ca7','2025-02-24 23:14:57','a2bec9ef-28a6-41cb-937b-adaf51dd5ca7','2025-02-24 23:14:57'
67,23755,'a2bec9ef-28a6-41cb-937b-adaf51dd5ca7','2025-02-24 23:14:57','a2bec9ef-28a6-41cb-937b-adaf51dd5ca7','2025-02-24 23:14:57'
68,19905028,'a2bec9ef-28a6-41cb-937b-adaf51dd5ca7','2025-02-24 23:14:57','a2bec9ef-28a6-41cb-937b-adaf51dd5ca7','2025-02-24 23:14:57'
69,21456700,'a2bec9ef-28a6-41cb-937b-adaf51dd5ca7','2025-02-24 23:14:57','a2bec9ef-28a6-41cb-937b-adaf51dd5ca7','2025-02-24 23:14:57'
70,3665980,'a2bec9ef-28a6-41cb-937b-adaf51dd5ca7','2025-02-24 23:14:57','a2bec9ef-28a6-41cb-937b-adaf51dd5ca7','2025-02-24 23:14:57'
71,9762803,'a2bec9ef-28a6-41cb-937b-adaf51dd5ca7','2025-02-24 23:14:57','a2bec9ef-28a6-41cb-937b-adaf51dd5ca7','2025-02-24 23:14:57'
72,20769998,'a2bec9ef-28a6-41cb-937b-adaf51dd5ca7','2025-02-24 23:14:57','a2bec9ef-28a6-41cb-937b-adaf51dd5ca7','2025-02-24 23:14:57'
73,3226978,'a2bec9ef-28a6-41cb-937b-adaf51dd5ca7','2025-02-24 23:14:57','a2bec9ef-28a6-41cb-937b-adaf51dd5ca7','2025-02-24 23:14:57'
74,616459,'a2bec9ef-28a6-41cb-937b-adaf51dd5ca7','2025-02-24 23:14:57','a2bec9ef-28a6-41cb-937b-adaf51dd5ca7','2025-02-24 23:14:57'
74,4408882,'a2bec9ef-28a6-41cb-937b-adaf51dd5ca7','2025-02-24 23:14:57','a2bec9ef-28a6-41cb-937b-adaf51dd5ca7','2025-02-24 23:14:57'
74,16102264,'a2bec9ef-28a6-41cb-937b-adaf51dd5ca7','2025-02-24 23:14:57','a2bec9ef-28a6-41cb-937b-adaf51dd5ca7','2025-02-24 23:14:57'
74,26866791,'a2bec9ef-28a6-41cb-937b-adaf51dd5ca7','2025-02-24 23:14:57','a2bec9ef-28a6-41cb-937b-adaf51dd5ca7','2025-02-24 23:14:57'
75,13536069,'a2bec9ef-28a6-41cb-937b-adaf51dd5ca7','2025-02-24 23:14:57','a2bec9ef-28a6-41cb-937b-adaf51dd5ca7','2025-02-24 23:14:57'
76,31030726,'a2bec9ef-28a6-41cb-937b-adaf51dd5ca7','2025-02-24 23:14:57','a2bec9ef-28a6-41cb-937b-adaf51dd5ca7','2025-02-24 23:14:57'
77,23050380,'a2bec9ef-28a6-41cb-937b-adaf51dd5ca7','2025-02-24 23:14:57','a2bec9ef-28a6-41cb-937b-adaf51dd5ca7','2025-02-24 23:14:57'
78,18054520,'a2bec9ef-28a6-41cb-937b-adaf51dd5ca7','2025-02-24 23:14:57','a2bec9ef-28a6-41cb-937b-adaf51dd5ca7','2025-02-24 23:14:57'
79,13033952,'a2bec9ef-28a6-41cb-937b-adaf51dd5ca7','2025-02-24 23:14:57','a2bec9ef-28a6-41cb-937b-adaf51dd5ca7','2025-02-24 23:14:57'
80,4166566,'a2bec9ef-28a6-41cb-937b-adaf51dd5ca7','2025-02-24 23:14:57','a2bec9ef-28a6-41cb-937b-adaf51dd5ca7','2025-02-24 23:14:57'
81,22301335,'a2bec9ef-28a6-41cb-937b-adaf51dd5ca7','2025-02-24 23:14:57','a2bec9ef-28a6-41cb-937b-adaf51dd5ca7','2025-02-24 23:14:57'
82,6972407,'a2bec9ef-28a6-41cb-937b-adaf51dd5ca7','2025-02-24 23:14:57','a2bec9ef-28a6-41cb-937b-adaf51dd5ca7','2025-02-24 23:14:57'
82,9023691,'a2bec9ef-28a6-41cb-937b-adaf51dd5ca7','2025-02-24 23:14:57','a2bec9ef-28a6-41cb-937b-adaf51dd5ca7','2025-02-24 23:14:57'
82,15922743,'a2bec9ef-28a6-41cb-937b-adaf51dd5ca7','2025-02-24 23:14:57','a2bec9ef-28a6-41cb-937b-adaf51dd5ca7','2025-02-24 23:14:57'
82,20673507,'a2bec9ef-28a6-41cb-937b-adaf51dd5ca7','2025-02-24 23:14:57','a2bec9ef-28a6-41cb-937b-adaf51dd5ca7','2025-02-24 23:14:57'
82,30696314,'a2bec9ef-28a6-41cb-937b-adaf51dd5ca7','2025-02-24 23:14:57','a2bec9ef-28a6-41cb-937b-adaf51dd5ca7','2025-02-24 23:14:57'
83,30857117,'a2bec9ef-28a6-41cb-937b-adaf51dd5ca7','2025-02-24 23:14:57','a2bec9ef-28a6-41cb-937b-adaf51dd5ca7','2025-02-24 23:14:57'
84,9762803,'a2bec9ef-28a6-41cb-937b-adaf51dd5ca7','2025-02-24 23:14:57','a2bec9ef-28a6-41cb-937b-adaf51dd5ca7','2025-02-24 23:14:57'
85,18468502,'a2bec9ef-28a6-41cb-937b-adaf51dd5ca7','2025-02-24 23:14:57','a2bec9ef-28a6-41cb-937b-adaf51dd5ca7','2025-02-24 23:14:57'
86,21281345,'a2bec9ef-28a6-41cb-937b-adaf51dd5ca7','2025-02-24 23:14:57','a2bec9ef-28a6-41cb-937b-adaf51dd5ca7','2025-02-24 23:14:57'
87,12276512,'a2bec9ef-28a6-41cb-937b-adaf51dd5ca7','2025-02-24 23:14:57','a2bec9ef-28a6-41cb-937b-adaf51dd5ca7','2025-02-24 23:14:57'
88,19493101,'a2bec9ef-28a6-41cb-937b-adaf51dd5ca7','2025-02-24 23:14:57','a2bec9ef-28a6-41cb-937b-adaf51dd5ca7','2025-02-24 23:14:57'
89,10160214,'a2bec9ef-28a6-41cb-937b-adaf51dd5ca7','2025-02-24 23:14:57','a2bec9ef-28a6-41cb-937b-adaf51dd5ca7','2025-02-24 23:14:57'
90,11940688,'a2bec9ef-28a6-41cb-937b-adaf51dd5ca7','2025-02-24 23:14:57','a2bec9ef-28a6-41cb-937b-adaf51dd5ca7','2025-02-24 23:14:57'
91,27893495,'a2bec9ef-28a6-41cb-937b-adaf51dd5ca7','2025-02-24 23:14:57','a2bec9ef-28a6-41cb-937b-adaf51dd5ca7','2025-02-24 23:14:57'
92,3753054,'a2bec9ef-28a6-41cb-937b-adaf51dd5ca7','2025-02-24 23:14:57','a2bec9ef-28a6-41cb-937b-adaf51dd5ca7','2025-02-24 23:14:57'
92,10242845,'a2bec9ef-28a6-41cb-937b-adaf51dd5ca7','2025-02-24 23:14:57','a2bec9ef-28a6-41cb-937b-adaf51dd5ca7','2025-02-24 23:14:57'
92,11864691,'a2bec9ef-28a6-41cb-937b-adaf51dd5ca7','2025-02-24 23:14:57','a2bec9ef-28a6-41cb-937b-adaf51dd5ca7','2025-02-24 23:14:57'
92,14076380,'a2bec9ef-28a6-41cb-937b-adaf51dd5ca7','2025-02-24 23:14:57','a2bec9ef-28a6-41cb-937b-adaf51dd5ca7','2025-02-24 23:14:57'
93,12573057,'a2bec9ef-28a6-41cb-937b-adaf51dd5ca7','2025-02-24 23:14:57','a2bec9ef-28a6-41cb-937b-adaf51dd5ca7','2025-02-24 23:14:57'
94,12573597,'a2bec9ef-28a6-41cb-937b-adaf51dd5ca7','2025-02-24 23:14:57','a2bec9ef-28a6-41cb-937b-adaf51dd5ca7','2025-02-24 23:14:57'
94,19903140,'a2bec9ef-28a6-41cb-937b-adaf51dd5ca7','2025-02-24 23:14:57','a2bec9ef-28a6-41cb-937b-adaf51dd5ca7','2025-02-24 23:14:57'
94,20051438,'a2bec9ef-28a6-41cb-937b-adaf51dd5ca7','2025-02-24 23:14:57','a2bec9ef-28a6-41cb-937b-adaf51dd5ca7','2025-02-24 23:14:57'
94,29339535,'a2bec9ef-28a6-41cb-937b-adaf51dd5ca7','2025-02-24 23:14:57','a2bec9ef-28a6-41cb-937b-adaf51dd5ca7','2025-02-24 23:14:57'
95,14481678,'a2bec9ef-28a6-41cb-937b-adaf51dd5ca7','2025-02-24 23:14:57','a2bec9ef-28a6-41cb-937b-adaf51dd5ca7','2025-02-24 23:14:57'
96,1532243,'a2bec9ef-28a6-41cb-937b-adaf51dd5ca7','2025-02-24 23:14:57','a2bec9ef-28a6-41cb-937b-adaf51dd5ca7','2025-02-24 23:14:57'
97,16737756,'a2bec9ef-28a6-41cb-937b-adaf51dd5ca7','2025-02-24 23:14:57','a2bec9ef-28a6-41cb-937b-adaf51dd5ca7','2025-02-24 23:14:57'
97,36025791,'a2bec9ef-28a6-41cb-937b-adaf51dd5ca7','2025-02-24 23:14:57','a2bec9ef-28a6-41cb-937b-adaf51dd5ca7','2025-02-24 23:14:57'
98,17698673,'a2bec9ef-28a6-41cb-937b-adaf51dd5ca7','2025-02-24 23:14:57','a2bec9ef-28a6-41cb-937b-adaf51dd5ca7','2025-02-24 23:14:57'
99,23469651,'a2bec9ef-28a6-41cb-937b-adaf51dd5ca7','2025-02-24 23:14:57','a2bec9ef-28a6-41cb-937b-adaf51dd5ca7','2025-02-24 23:14:57'
100,21456700,'a2bec9ef-28a6-41cb-937b-adaf51dd5ca7','2025-02-24 23:14:57','a2bec9ef-28a6-41cb-937b-adaf51dd5ca7','2025-02-24 23:14:57'
101,25687234,'a2bec9ef-28a6-41cb-937b-adaf51dd5ca7','2025-02-24 23:14:57','a2bec9ef-28a6-41cb-937b-adaf51dd5ca7','2025-02-24 23:14:57'
102,2676588,'a2bec9ef-28a6-41cb-937b-adaf51dd5ca7','2025-02-24 23:14:57','a2bec9ef-28a6-41cb-937b-adaf51dd5ca7','2025-02-24 23:14:57'
103,14481678,'a2bec9ef-28a6-41cb-937b-adaf51dd5ca7','2025-02-24 23:14:57','a2bec9ef-28a6-41cb-937b-adaf51dd5ca7','2025-02-24 23:14:57'
104,18872750,'a2bec9ef-28a6-41cb-937b-adaf51dd5ca7','2025-02-24 23:14:57','a2bec9ef-28a6-41cb-937b-adaf51dd5ca7','2025-02-24 23:14:57'
105,22301335,'a2bec9ef-28a6-41cb-937b-adaf51dd5ca7','2025-02-24 23:14:57','a2bec9ef-28a6-41cb-937b-adaf51dd5ca7','2025-02-24 23:14:57'
106,29521340,'a2bec9ef-28a6-41cb-937b-adaf51dd5ca7','2025-02-24 23:14:57','a2bec9ef-28a6-41cb-937b-adaf51dd5ca7','2025-02-24 23:14:57'
107,10690477,'a2bec9ef-28a6-41cb-937b-adaf51dd5ca7','2025-02-24 23:14:57','a2bec9ef-28a6-41cb-937b-adaf51dd5ca7','2025-02-24 23:14:57'
108,24214735,'a2bec9ef-28a6-41cb-937b-adaf51dd5ca7','2025-02-24 23:14:57','a2bec9ef-28a6-41cb-937b-adaf51dd5ca7','2025-02-24 23:14:57'
109,24835416,'a2bec9ef-28a6-41cb-937b-adaf51dd5ca7','2025-02-24 23:14:57','a2bec9ef-28a6-41cb-937b-adaf51dd5ca7','2025-02-24 23:14:57'
110,18323083,'a2bec9ef-28a6-41cb-937b-adaf51dd5ca7','2025-02-24 23:14:57','a2bec9ef-28a6-41cb-937b-adaf51dd5ca7','2025-02-24 23:14:57'
111,27413382,'a2bec9ef-28a6-41cb-937b-adaf51dd5ca7','2025-02-24 23:14:57','a2bec9ef-28a6-41cb-937b-adaf51dd5ca7','2025-02-24 23:14:57'
111,32431314,'a2bec9ef-28a6-41cb-937b-adaf51dd5ca7','2025-02-24 23:14:57','a2bec9ef-28a6-41cb-937b-adaf51dd5ca7','2025-02-24 23:14:57'
112,2573157,'a2bec9ef-28a6-41cb-937b-adaf51dd5ca7','2025-02-24 23:14:57','a2bec9ef-28a6-41cb-937b-adaf51dd5ca7','2025-02-24 23:14:57'
112,32146215,'a2bec9ef-28a6-41cb-937b-adaf51dd5ca7','2025-02-24 23:14:57','a2bec9ef-28a6-41cb-937b-adaf51dd5ca7','2025-02-24 23:14:57'
113,18435904,'a2bec9ef-28a6-41cb-937b-adaf51dd5ca7','2025-02-24 23:14:57','a2bec9ef-28a6-41cb-937b-adaf51dd5ca7','2025-02-24 23:14:57'
114,29965644,'a2bec9ef-28a6-41cb-937b-adaf51dd5ca7','2025-02-24 23:14:57','a2bec9ef-28a6-41cb-937b-adaf51dd5ca7','2025-02-24 23:14:57'
115,7208185,'a2bec9ef-28a6-41cb-937b-adaf51dd5ca7','2025-02-24 23:14:57','a2bec9ef-28a6-41cb-937b-adaf51dd5ca7','2025-02-24 23:14:57'
116,29925042,'a2bec9ef-28a6-41cb-937b-adaf51dd5ca7','2025-02-24 23:14:57','a2bec9ef-28a6-41cb-937b-adaf51dd5ca7','2025-02-24 23:14:57'
117,27893495,'a2bec9ef-28a6-41cb-937b-adaf51dd5ca7','2025-02-24 23:14:57','a2bec9ef-28a6-41cb-937b-adaf51dd5ca7','2025-02-24 23:14:57'
118,19346459,'a2bec9ef-28a6-41cb-937b-adaf51dd5ca7','2025-02-24 23:14:57','a2bec9ef-28a6-41cb-937b-adaf51dd5ca7','2025-02-24 23:14:57'
119,19532112,'a2bec9ef-28a6-41cb-937b-adaf51dd5ca7','2025-02-24 23:14:57','a2bec9ef-28a6-41cb-937b-adaf51dd5ca7','2025-02-24 23:14:57'
120,18872750,'a2bec9ef-28a6-41cb-937b-adaf51dd5ca7','2025-02-24 23:14:57','a2bec9ef-28a6-41cb-937b-adaf51dd5ca7','2025-02-24 23:14:57'
121,32474361,'a2bec9ef-28a6-41cb-937b-adaf51dd5ca7','2025-02-24 23:14:57','a2bec9ef-28a6-41cb-937b-adaf51dd5ca7','2025-02-24 23:14:57'
122,25099922,'a2bec9ef-28a6-41cb-937b-adaf51dd5ca7','2025-02-24 23:14:57','a2bec9ef-28a6-41cb-937b-adaf51dd5ca7','2025-02-24 23:14:57'
123,32808229,'a2bec9ef-28a6-41cb-937b-adaf51dd5ca7','2025-02-24 23:14:57','a2bec9ef-28a6-41cb-937b-adaf51dd5ca7','2025-02-24 23:14:57'
124,16357015,'a2bec9ef-28a6-41cb-937b-adaf51dd5ca7','2025-02-24 23:14:57','a2bec9ef-28a6-41cb-937b-adaf51dd5ca7','2025-02-24 23:14:57'
125,24214735,'a2bec9ef-28a6-41cb-937b-adaf51dd5ca7','2025-02-24 23:14:57','a2bec9ef-28a6-41cb-937b-adaf51dd5ca7','2025-02-24 23:14:57'
126,37487187,'a2bec9ef-28a6-41cb-937b-adaf51dd5ca7','2025-02-24 23:14:57','a2bec9ef-28a6-41cb-937b-adaf51dd5ca7','2025-02-24 23:14:57'
127,10940052,'a2bec9ef-28a6-41cb-937b-adaf51dd5ca7','2025-02-24 23:14:57','a2bec9ef-28a6-41cb-937b-adaf51dd5ca7','2025-02-24 23:14:57'
128,25243658,'a2bec9ef-28a6-41cb-937b-adaf51dd5ca7','2025-02-24 23:14:57','a2bec9ef-28a6-41cb-937b-adaf51dd5ca7','2025-02-24 23:14:57'
129,21713180,'a2bec9ef-28a6-41cb-937b-adaf51dd5ca7','2025-02-24 23:14:57','a2bec9ef-28a6-41cb-937b-adaf51dd5ca7','2025-02-24 23:14:57'
130,27604641,'a2bec9ef-28a6-41cb-937b-adaf51dd5ca7','2025-02-24 23:14:57','a2bec9ef-28a6-41cb-937b-adaf51dd5ca7','2025-02-24 23:14:57'
131,27617494,'a2bec9ef-28a6-41cb-937b-adaf51dd5ca7','2025-02-24 23:14:57','a2bec9ef-28a6-41cb-937b-adaf51dd5ca7','2025-02-24 23:14:57'
132,4419959,'a2bec9ef-28a6-41cb-937b-adaf51dd5ca7','2025-02-24 23:14:57','a2bec9ef-28a6-41cb-937b-adaf51dd5ca7','2025-02-24 23:14:57'
132,9876946,'a2bec9ef-28a6-41cb-937b-adaf51dd5ca7','2025-02-24 23:14:57','a2bec9ef-28a6-41cb-937b-adaf51dd5ca7','2025-02-24 23:14:57'
132,16954298,'a2bec9ef-28a6-41cb-937b-adaf51dd5ca7','2025-02-24 23:14:57','a2bec9ef-28a6-41cb-937b-adaf51dd5ca7','2025-02-24 23:14:57'
133,35776233,'a2bec9ef-28a6-41cb-937b-adaf51dd5ca7','2025-02-24 23:14:57','a2bec9ef-28a6-41cb-937b-adaf51dd5ca7','2025-02-24 23:14:57'
134,18618119,'a2bec9ef-28a6-41cb-937b-adaf51dd5ca7','2025-02-24 23:14:57','a2bec9ef-28a6-41cb-937b-adaf51dd5ca7','2025-02-24 23:14:57'
135,20925084,'a2bec9ef-28a6-41cb-937b-adaf51dd5ca7','2025-02-24 23:14:57','a2bec9ef-28a6-41cb-937b-adaf51dd5ca7','2025-02-24 23:14:57'
136,32438356,'a2bec9ef-28a6-41cb-937b-adaf51dd5ca7','2025-02-24 23:14:57','a2bec9ef-28a6-41cb-937b-adaf51dd5ca7','2025-02-24 23:14:57'
137,567350,'a2bec9ef-28a6-41cb-937b-adaf51dd5ca7','2025-02-24 23:14:57','a2bec9ef-28a6-41cb-937b-adaf51dd5ca7','2025-02-24 23:14:57'
137,3665980,'a2bec9ef-28a6-41cb-937b-adaf51dd5ca7','2025-02-24 23:14:57','a2bec9ef-28a6-41cb-937b-adaf51dd5ca7','2025-02-24 23:14:57'
138,15717912,'a2bec9ef-28a6-41cb-937b-adaf51dd5ca7','2025-02-24 23:14:57','a2bec9ef-28a6-41cb-937b-adaf51dd5ca7','2025-02-24 23:14:57'
139,15251511,'a2bec9ef-28a6-41cb-937b-adaf51dd5ca7','2025-02-24 23:14:57','a2bec9ef-28a6-41cb-937b-adaf51dd5ca7','2025-02-24 23:14:57'
139,33098765,'a2bec9ef-28a6-41cb-937b-adaf51dd5ca7','2025-02-24 23:14:57','a2bec9ef-28a6-41cb-937b-adaf51dd5ca7','2025-02-24 23:14:57'
139,36048303,'a2bec9ef-28a6-41cb-937b-adaf51dd5ca7','2025-02-24 23:14:57','a2bec9ef-28a6-41cb-937b-adaf51dd5ca7','2025-02-24 23:14:57'
140,3417807,'a2bec9ef-28a6-41cb-937b-adaf51dd5ca7','2025-02-24 23:14:57','a2bec9ef-28a6-41cb-937b-adaf51dd5ca7','2025-02-24 23:14:57'
141,10010962,'a2bec9ef-28a6-41cb-937b-adaf51dd5ca7','2025-02-24 23:14:57','a2bec9ef-28a6-41cb-937b-adaf51dd5ca7','2025-02-24 23:14:57'
142,6480978,'a2bec9ef-28a6-41cb-937b-adaf51dd5ca7','2025-02-24 23:14:57','a2bec9ef-28a6-41cb-937b-adaf51dd5ca7','2025-02-24 23:14:57'
143,4597085,'a2bec9ef-28a6-41cb-937b-adaf51dd5ca7','2025-02-24 23:14:57','a2bec9ef-28a6-41cb-937b-adaf51dd5ca7','2025-02-24 23:14:57'
144,9584690,'a2bec9ef-28a6-41cb-937b-adaf51dd5ca7','2025-02-24 23:14:57','a2bec9ef-28a6-41cb-937b-adaf51dd5ca7','2025-02-24 23:14:57'
145,14691350,'a2bec9ef-28a6-41cb-937b-adaf51dd5ca7','2025-02-24 23:14:57','a2bec9ef-28a6-41cb-937b-adaf51dd5ca7','2025-02-24 23:14:57'
145,35490146,'a2bec9ef-28a6-41cb-937b-adaf51dd5ca7','2025-02-24 23:14:57','a2bec9ef-28a6-41cb-937b-adaf51dd5ca7','2025-02-24 23:14:57'
146,13990626,'a2bec9ef-28a6-41cb-937b-adaf51dd5ca7','2025-02-24 23:14:57','a2bec9ef-28a6-41cb-937b-adaf51dd5ca7','2025-02-24 23:14:57'
147,7882812,'a2bec9ef-28a6-41cb-937b-adaf51dd5ca7','2025-02-24 23:14:57','a2bec9ef-28a6-41cb-937b-adaf51dd5ca7','2025-02-24 23:14:57'
148,36813226,'a2bec9ef-28a6-41cb-937b-adaf51dd5ca7','2025-02-24 23:14:57','a2bec9ef-28a6-41cb-937b-adaf51dd5ca7','2025-02-24 23:14:57'
149,1604737,'a2bec9ef-28a6-41cb-937b-adaf51dd5ca7','2025-02-24 23:14:57','a2bec9ef-28a6-41cb-937b-adaf51dd5ca7','2025-02-24 23:14:57'
150,29623061,'a2bec9ef-28a6-41cb-937b-adaf51dd5ca7','2025-02-24 23:14:57','a2bec9ef-28a6-41cb-937b-adaf51dd5ca7','2025-02-24 23:14:57'
151,19314086,'a2bec9ef-28a6-41cb-937b-adaf51dd5ca7','2025-02-24 23:14:57','a2bec9ef-28a6-41cb-937b-adaf51dd5ca7','2025-02-24 23:14:57'
151,28752500,'a2bec9ef-28a6-41cb-937b-adaf51dd5ca7','2025-02-24 23:14:57','a2bec9ef-28a6-41cb-937b-adaf51dd5ca7','2025-02-24 23:14:57'
152,7220697,'a2bec9ef-28a6-41cb-937b-adaf51dd5ca7','2025-02-24 23:14:57','a2bec9ef-28a6-41cb-937b-adaf51dd5ca7','2025-02-24 23:14:57'
153,18606382,'a2bec9ef-28a6-41cb-937b-adaf51dd5ca7','2025-02-24 23:14:57','a2bec9ef-28a6-41cb-937b-adaf51dd5ca7','2025-02-24 23:14:57'
154,27747899,'a2bec9ef-28a6-41cb-937b-adaf51dd5ca7','2025-02-24 23:14:57','a2bec9ef-28a6-41cb-937b-adaf51dd5ca7','2025-02-24 23:14:57'
155,20822255,'a2bec9ef-28a6-41cb-937b-adaf51dd5ca7','2025-02-24 23:14:57','a2bec9ef-28a6-41cb-937b-adaf51dd5ca7','2025-02-24 23:14:57'
156,23257050,'a2bec9ef-28a6-41cb-937b-adaf51dd5ca7','2025-02-24 23:14:57','a2bec9ef-28a6-41cb-937b-adaf51dd5ca7','2025-02-24 23:14:57'
157,24214735,'a2bec9ef-28a6-41cb-937b-adaf51dd5ca7','2025-02-24 23:14:57','a2bec9ef-28a6-41cb-937b-adaf51dd5ca7','2025-02-24 23:14:57'
158,30544176,'a2bec9ef-28a6-41cb-937b-adaf51dd5ca7','2025-02-24 23:14:57','a2bec9ef-28a6-41cb-937b-adaf51dd5ca7','2025-02-24 23:14:57'
159,21953847,'a2bec9ef-28a6-41cb-937b-adaf51dd5ca7','2025-02-24 23:14:57','a2bec9ef-28a6-41cb-937b-adaf51dd5ca7','2025-02-24 23:14:57'
160,3417807,'a2bec9ef-28a6-41cb-937b-adaf51dd5ca7','2025-02-24 23:14:57','a2bec9ef-28a6-41cb-937b-adaf51dd5ca7','2025-02-24 23:14:57'
161,16372183,'a2bec9ef-28a6-41cb-937b-adaf51dd5ca7','2025-02-24 23:14:57','a2bec9ef-28a6-41cb-937b-adaf51dd5ca7','2025-02-24 23:14:57'
162,23285770,'a2bec9ef-28a6-41cb-937b-adaf51dd5ca7','2025-02-24 23:14:57','a2bec9ef-28a6-41cb-937b-adaf51dd5ca7','2025-02-24 23:14:57'
163,22400341,'a2bec9ef-28a6-41cb-937b-adaf51dd5ca7','2025-02-24 23:14:57','a2bec9ef-28a6-41cb-937b-adaf51dd5ca7','2025-02-24 23:14:57'
164,12863400,'a2bec9ef-28a6-41cb-937b-adaf51dd5ca7','2025-02-24 23:14:57','a2bec9ef-28a6-41cb-937b-adaf51dd5ca7','2025-02-24 23:14:57'
165,27893495,'a2bec9ef-28a6-41cb-937b-adaf51dd5ca7','2025-02-24 23:14:57','a2bec9ef-28a6-41cb-937b-adaf51dd5ca7','2025-02-24 23:14:57'
166,780117,'a2bec9ef-28a6-41cb-937b-adaf51dd5ca7','2025-02-24 23:14:57','a2bec9ef-28a6-41cb-937b-adaf51dd5ca7','2025-02-24 23:14:57'
167,15115424,'a2bec9ef-28a6-41cb-937b-adaf51dd5ca7','2025-02-24 23:14:57','a2bec9ef-28a6-41cb-937b-adaf51dd5ca7','2025-02-24 23:14:57'
168,14481678,'a2bec9ef-28a6-41cb-937b-adaf51dd5ca7','2025-02-24 23:14:57','a2bec9ef-28a6-41cb-937b-adaf51dd5ca7','2025-02-24 23:14:57'
169,24062776,'a2bec9ef-28a6-41cb-937b-adaf51dd5ca7','2025-02-24 23:14:57','a2bec9ef-28a6-41cb-937b-adaf51dd5ca7','2025-02-24 23:14:57'
170,2391580,'a2bec9ef-28a6-41cb-937b-adaf51dd5ca7','2025-02-24 23:14:57','a2bec9ef-28a6-41cb-937b-adaf51dd5ca7','2025-02-24 23:14:57'
171,14142529,'a2bec9ef-28a6-41cb-937b-adaf51dd5ca7','2025-02-24 23:14:57','a2bec9ef-28a6-41cb-937b-adaf51dd5ca7','2025-02-24 23:14:57'
172,1978625,'a2bec9ef-28a6-41cb-937b-adaf51dd5ca7','2025-02-24 23:14:57','a2bec9ef-28a6-41cb-937b-adaf51dd5ca7','2025-02-24 23:14:57'
173,28987255,'a2bec9ef-28a6-41cb-937b-adaf51dd5ca7','2025-02-24 23:14:57','a2bec9ef-28a6-41cb-937b-adaf51dd5ca7','2025-02-24 23:14:57'
174,6512828,'a2bec9ef-28a6-41cb-937b-adaf51dd5ca7','2025-02-24 23:14:57','a2bec9ef-28a6-41cb-937b-adaf51dd5ca7','2025-02-24 23:14:57'
174,6666176,'a2bec9ef-28a6-41cb-937b-adaf51dd5ca7','2025-02-24 23:14:57','a2bec9ef-28a6-41cb-937b-adaf51dd5ca7','2025-02-24 23:14:57'
175,6959579,'a2bec9ef-28a6-41cb-937b-adaf51dd5ca7','2025-02-24 23:14:57','a2bec9ef-28a6-41cb-937b-adaf51dd5ca7','2025-02-24 23:14:57'
176,1796945,'a2bec9ef-28a6-41cb-937b-adaf51dd5ca7','2025-02-24 23:14:57','a2bec9ef-28a6-41cb-937b-adaf51dd5ca7','2025-02-24 23:14:57'
176,31443759,'a2bec9ef-28a6-41cb-937b-adaf51dd5ca7','2025-02-24 23:14:57','a2bec9ef-28a6-41cb-937b-adaf51dd5ca7','2025-02-24 23:14:57'
177,36752605,'a2bec9ef-28a6-41cb-937b-adaf51dd5ca7','2025-02-24 23:14:57','a2bec9ef-28a6-41cb-937b-adaf51dd5ca7','2025-02-24 23:14:57'
178,2099726,'a2bec9ef-28a6-41cb-937b-adaf51dd5ca7','2025-02-24 23:14:57','a2bec9ef-28a6-41cb-937b-adaf51dd5ca7','2025-02-24 23:14:57'
179,28448287,'a2bec9ef-28a6-41cb-937b-adaf51dd5ca7','2025-02-24 23:14:57','a2bec9ef-28a6-41cb-937b-adaf51dd5ca7','2025-02-24 23:14:57'
180,11969962,'a2bec9ef-28a6-41cb-937b-adaf51dd5ca7','2025-02-24 23:14:57','a2bec9ef-28a6-41cb-937b-adaf51dd5ca7','2025-02-24 23:14:57'
181,18439673,'a2bec9ef-28a6-41cb-937b-adaf51dd5ca7','2025-02-24 23:14:57','a2bec9ef-28a6-41cb-937b-adaf51dd5ca7','2025-02-24 23:14:57'
182,7428370,'a2bec9ef-28a6-41cb-937b-adaf51dd5ca7','2025-02-24 23:14:57','a2bec9ef-28a6-41cb-937b-adaf51dd5ca7','2025-02-24 23:14:57'
183,19493101,'a2bec9ef-28a6-41cb-937b-adaf51dd5ca7','2025-02-24 23:14:57','a2bec9ef-28a6-41cb-937b-adaf51dd5ca7','2025-02-24 23:14:57'
184,22983926,'a2bec9ef-28a6-41cb-937b-adaf51dd5ca7','2025-02-24 23:14:57','a2bec9ef-28a6-41cb-937b-adaf51dd5ca7','2025-02-24 23:14:57'
185,31545312,'a2bec9ef-28a6-41cb-937b-adaf51dd5ca7','2025-02-24 23:14:57','a2bec9ef-28a6-41cb-937b-adaf51dd5ca7','2025-02-24 23:14:57'
186,19018737,'a2bec9ef-28a6-41cb-937b-adaf51dd5ca7','2025-02-24 23:14:57','a2bec9ef-28a6-41cb-937b-adaf51dd5ca7','2025-02-24 23:14:57'
187,425369,'a2bec9ef-28a6-41cb-937b-adaf51dd5ca7','2025-02-24 23:14:57','a2bec9ef-28a6-41cb-937b-adaf51dd5ca7','2025-02-24 23:14:57'
188,23469651,'a2bec9ef-28a6-41cb-937b-adaf51dd5ca7','2025-02-24 23:14:57','a2bec9ef-28a6-41cb-937b-adaf51dd5ca7','2025-02-24 23:14:57'
189,9500703,'a2bec9ef-28a6-41cb-937b-adaf51dd5ca7','2025-02-24 23:14:57','a2bec9ef-28a6-41cb-937b-adaf51dd5ca7','2025-02-24 23:14:57'
190,26233994,'a2bec9ef-28a6-41cb-937b-adaf51dd5ca7','2025-02-24 23:14:57','a2bec9ef-28a6-41cb-937b-adaf51dd5ca7','2025-02-24 23:14:57'
191,26877806,'a2bec9ef-28a6-41cb-937b-adaf51dd5ca7','2025-02-24 23:14:57','a2bec9ef-28a6-41cb-937b-adaf51dd5ca7','2025-02-24 23:14:57'
192,35569622,'a2bec9ef-28a6-41cb-937b-adaf51dd5ca7','2025-02-24 23:14:57','a2bec9ef-28a6-41cb-937b-adaf51dd5ca7','2025-02-24 23:14:57'
193,18618119,'a2bec9ef-28a6-41cb-937b-adaf51dd5ca7','2025-02-24 23:14:57','a2bec9ef-28a6-41cb-937b-adaf51dd5ca7','2025-02-24 23:14:57'
194,23755,'a2bec9ef-28a6-41cb-937b-adaf51dd5ca7','2025-02-24 23:14:57','a2bec9ef-28a6-41cb-937b-adaf51dd5ca7','2025-02-24 23:14:57'
195,8585684,'a2bec9ef-28a6-41cb-937b-adaf51dd5ca7','2025-02-24 23:14:57','a2bec9ef-28a6-41cb-937b-adaf51dd5ca7','2025-02-24 23:14:57'
196,22301335,'a2bec9ef-28a6-41cb-937b-adaf51dd5ca7','2025-02-24 23:14:57','a2bec9ef-28a6-41cb-937b-adaf51dd5ca7','2025-02-24 23:14:57'
197,22895892,'a2bec9ef-28a6-41cb-937b-adaf51dd5ca7','2025-02-24 23:14:57','a2bec9ef-28a6-41cb-937b-adaf51dd5ca7','2025-02-24 23:14:57'
198,34550039,'a2bec9ef-28a6-41cb-937b-adaf51dd5ca7','2025-02-24 23:14:57','a2bec9ef-28a6-41cb-937b-adaf51dd5ca7','2025-02-24 23:14:57'
199,8539516,'a2bec9ef-28a6-41cb-937b-adaf51dd5ca7','2025-02-24 23:14:57','a2bec9ef-28a6-41cb-937b-adaf51dd5ca7','2025-02-24 23:14:57'
200,8722242,'a2bec9ef-28a6-41cb-937b-adaf51dd5ca7','2025-02-24 23:14:57','a2bec9ef-28a6-41cb-937b-adaf51dd5ca7','2025-02-24 23:14:57'
201,10207414,'a2bec9ef-28a6-41cb-937b-adaf51dd5ca7','2025-02-24 23:14:57','a2bec9ef-28a6-41cb-937b-adaf51dd5ca7','2025-02-24 23:14:57'
202,8827588,'a2bec9ef-28a6-41cb-937b-adaf51dd5ca7','2025-02-24 23:14:57','a2bec9ef-28a6-41cb-937b-adaf51dd5ca7','2025-02-24 23:14:57'
203,32546137,'a2bec9ef-28a6-41cb-937b-adaf51dd5ca7','2025-02-24 23:14:57','a2bec9ef-28a6-41cb-937b-adaf51dd5ca7','2025-02-24 23:14:57'
204,10940052,'a2bec9ef-28a6-41cb-937b-adaf51dd5ca7','2025-02-24 23:14:57','a2bec9ef-28a6-41cb-937b-adaf51dd5ca7','2025-02-24 23:14:57'
205,1386782,'a2bec9ef-28a6-41cb-937b-adaf51dd5ca7','2025-02-24 23:14:57','a2bec9ef-28a6-41cb-937b-adaf51dd5ca7','2025-02-24 23:14:57'
205,14954472,'a2bec9ef-28a6-41cb-937b-adaf51dd5ca7','2025-02-24 23:14:57','a2bec9ef-28a6-41cb-937b-adaf51dd5ca7','2025-02-24 23:14:57'
205,19970278,'a2bec9ef-28a6-41cb-937b-adaf51dd5ca7','2025-02-24 23:14:57','a2bec9ef-28a6-41cb-937b-adaf51dd5ca7','2025-02-24 23:14:57'
205,24835416,'a2bec9ef-28a6-41cb-937b-adaf51dd5ca7','2025-02-24 23:14:57','a2bec9ef-28a6-41cb-937b-adaf51dd5ca7','2025-02-24 23:14:57'
206,36751471,'a2bec9ef-28a6-41cb-937b-adaf51dd5ca7','2025-02-24 23:14:57','a2bec9ef-28a6-41cb-937b-adaf51dd5ca7','2025-02-24 23:14:57'
207,32474361,'a2bec9ef-28a6-41cb-937b-adaf51dd5ca7','2025-02-24 23:14:57','a2bec9ef-28a6-41cb-937b-adaf51dd5ca7','2025-02-24 23:14:57'
208,23478563,'a2bec9ef-28a6-41cb-937b-adaf51dd5ca7','2025-02-24 23:14:57','a2bec9ef-28a6-41cb-937b-adaf51dd5ca7','2025-02-24 23:14:57'
209,32431576,'a2bec9ef-28a6-41cb-937b-adaf51dd5ca7','2025-02-24 23:14:57','a2bec9ef-28a6-41cb-937b-adaf51dd5ca7','2025-02-24 23:14:57'
210,20822255,'a2bec9ef-28a6-41cb-937b-adaf51dd5ca7','2025-02-24 23:14:57','a2bec9ef-28a6-41cb-937b-adaf51dd5ca7','2025-02-24 23:14:57'
211,23478563,'a2bec9ef-28a6-41cb-937b-adaf51dd5ca7','2025-02-24 23:14:57','a2bec9ef-28a6-41cb-937b-adaf51dd5ca7','2025-02-24 23:14:57'
212,16363178,'a2bec9ef-28a6-41cb-937b-adaf51dd5ca7','2025-02-24 23:14:57','a2bec9ef-28a6-41cb-937b-adaf51dd5ca7','2025-02-24 23:14:57'
212,18870191,'a2bec9ef-28a6-41cb-937b-adaf51dd5ca7','2025-02-24 23:14:57','a2bec9ef-28a6-41cb-937b-adaf51dd5ca7','2025-02-24 23:14:57'
212,18870193,'a2bec9ef-28a6-41cb-937b-adaf51dd5ca7','2025-02-24 23:14:57','a2bec9ef-28a6-41cb-937b-adaf51dd5ca7','2025-02-24 23:14:57'
212,23737057,'a2bec9ef-28a6-41cb-937b-adaf51dd5ca7','2025-02-24 23:14:57','a2bec9ef-28a6-41cb-937b-adaf51dd5ca7','2025-02-24 23:14:57'
212,24943278,'a2bec9ef-28a6-41cb-937b-adaf51dd5ca7','2025-02-24 23:14:57','a2bec9ef-28a6-41cb-937b-adaf51dd5ca7','2025-02-24 23:14:57'
212,30817040,'a2bec9ef-28a6-41cb-937b-adaf51dd5ca7','2025-02-24 23:14:57','a2bec9ef-28a6-41cb-937b-adaf51dd5ca7','2025-02-24 23:14:57'
213,23478563,'a2bec9ef-28a6-41cb-937b-adaf51dd5ca7','2025-02-24 23:14:57','a2bec9ef-28a6-41cb-937b-adaf51dd5ca7','2025-02-24 23:14:57'
214,21456700,'a2bec9ef-28a6-41cb-937b-adaf51dd5ca7','2025-02-24 23:14:57','a2bec9ef-28a6-41cb-937b-adaf51dd5ca7','2025-02-24 23:14:57'
215,14602687,'a2bec9ef-28a6-41cb-937b-adaf51dd5ca7','2025-02-24 23:14:57','a2bec9ef-28a6-41cb-937b-adaf51dd5ca7','2025-02-24 23:14:57'
216,6364545,'a2bec9ef-28a6-41cb-937b-adaf51dd5ca7','2025-02-24 23:14:57','a2bec9ef-28a6-41cb-937b-adaf51dd5ca7','2025-02-24 23:14:57'
217,21556653,'a2bec9ef-28a6-41cb-937b-adaf51dd5ca7','2025-02-24 23:14:57','a2bec9ef-28a6-41cb-937b-adaf51dd5ca7','2025-02-24 23:14:57'
218,16568568,'a2bec9ef-28a6-41cb-937b-adaf51dd5ca7','2025-02-24 23:14:57','a2bec9ef-28a6-41cb-937b-adaf51dd5ca7','2025-02-24 23:14:57'
219,16079274,'a2bec9ef-28a6-41cb-937b-adaf51dd5ca7','2025-02-24 23:14:57','a2bec9ef-28a6-41cb-937b-adaf51dd5ca7','2025-02-24 23:14:57'
220,23338546,'a2bec9ef-28a6-41cb-937b-adaf51dd5ca7','2025-02-24 23:14:57','a2bec9ef-28a6-41cb-937b-adaf51dd5ca7','2025-02-24 23:14:57'
221,1369278,'a2bec9ef-28a6-41cb-937b-adaf51dd5ca7','2025-02-24 23:14:57','a2bec9ef-28a6-41cb-937b-adaf51dd5ca7','2025-02-24 23:14:57'
222,10160214,'a2bec9ef-28a6-41cb-937b-adaf51dd5ca7','2025-02-24 23:14:57','a2bec9ef-28a6-41cb-937b-adaf51dd5ca7','2025-02-24 23:14:57'
223,29324989,'a2bec9ef-28a6-41cb-937b-adaf51dd5ca7','2025-02-24 23:14:57','a2bec9ef-28a6-41cb-937b-adaf51dd5ca7','2025-02-24 23:14:57'
