title,url,author_id,created_by,created_at,last_modified_by,last_modified_at,revision
"anthonydoerr.com","http://anthonydoerr.com",4,"a2bec9ef-28a6-41cb-937b-adaf51dd5ca7","2025-03-29 17:13:07","a2bec9ef-28a6-41cb-937b-adaf51dd5ca7","2025-03-29 17:13:07",1
"Fan Website","http://www.btd-island.com/MWB.htm",5,"a2bec9ef-28a6-41cb-937b-adaf51dd5ca7","2025-03-29 17:13:07","a2bec9ef-28a6-41cb-937b-adaf51dd5ca7","2025-03-29 17:13:07",1
"MyAnimeList","https://myanimelist.net/people/40398",7,"a2bec9ef-28a6-41cb-937b-adaf51dd5ca7","2025-03-29 17:13:07","a2bec9ef-28a6-41cb-937b-adaf51dd5ca7","2025-03-29 17:13:07",1
"Oliver Sacks, M.D., Author, Neurologist | Official Web Site","https://www.oliversacks.com",10,"a2bec9ef-28a6-41cb-937b-adaf51dd5ca7","2025-03-29 17:13:07","a2bec9ef-28a6-41cb-937b-adaf51dd5ca7","2025-03-29 17:13:07",1
"BookBrainz","https://bookbrainz.org/author/14d9878b-0aeb-49d5-9670-8ddc120bf31e",10,"a2bec9ef-28a6-41cb-937b-adaf51dd5ca7","2025-03-29 17:13:07","a2bec9ef-28a6-41cb-937b-adaf51dd5ca7","2025-03-29 17:13:07",1
"MusicBrainz","https://musicbrainz.org/artist/5dabb41f-da95-426f-be70-73f4af22a0dd",10,"a2bec9ef-28a6-41cb-937b-adaf51dd5ca7","2025-03-29 17:13:07","a2bec9ef-28a6-41cb-937b-adaf51dd5ca7","2025-03-29 17:13:07",1
"Wikipedia entry","http://en.wikipedia.org/wiki/Vernor_Vinge",15,"a2bec9ef-28a6-41cb-937b-adaf51dd5ca7","2025-03-29 17:13:07","a2bec9ef-28a6-41cb-937b-adaf51dd5ca7","2025-03-29 17:13:07",1
"Wikipedia entry","http://en.wikipedia.org/wiki/C._S._Lewis",16,"a2bec9ef-28a6-41cb-937b-adaf51dd5ca7","2025-03-29 17:13:07","a2bec9ef-28a6-41cb-937b-adaf51dd5ca7","2025-03-29 17:13:07",1
"Official Author's Website","http://www.brandonsanderson.com/",17,"a2bec9ef-28a6-41cb-937b-adaf51dd5ca7","2025-03-29 17:13:07","a2bec9ef-28a6-41cb-937b-adaf51dd5ca7","2025-03-29 17:13:07",1
"Amazon Author Page","http://www.amazon.com/Brandon-Sanderson/e/B001IGFHW6",17,"a2bec9ef-28a6-41cb-937b-adaf51dd5ca7","2025-03-29 17:13:07","a2bec9ef-28a6-41cb-937b-adaf51dd5ca7","2025-03-29 17:13:07",1
"Goodreads Author Page","http://www.goodreads.com/author/show/38550.Brandon_Sanderson",17,"a2bec9ef-28a6-41cb-937b-adaf51dd5ca7","2025-03-29 17:13:07","a2bec9ef-28a6-41cb-937b-adaf51dd5ca7","2025-03-29 17:13:07",1
"Wikipedia link to Philip K Dick","http://en.wikipedia.org/wiki/Philip_K._Dick",18,"a2bec9ef-28a6-41cb-937b-adaf51dd5ca7","2025-03-29 17:13:07","a2bec9ef-28a6-41cb-937b-adaf51dd5ca7","2025-03-29 17:13:07",1
"Donna Tartt: The Powells.com Interview","http://www.powells.com/blog/interviews/donna-tartt-the-powells-com-interview-by-jill/",22,"a2bec9ef-28a6-41cb-937b-adaf51dd5ca7","2025-03-29 17:13:07","a2bec9ef-28a6-41cb-937b-adaf51dd5ca7","2025-03-29 17:13:07",1
"Official Site","http://www.ken-follett.com/",30,"a2bec9ef-28a6-41cb-937b-adaf51dd5ca7","2025-03-29 17:13:07","a2bec9ef-28a6-41cb-937b-adaf51dd5ca7","2025-03-29 17:13:07",1
"Wikipedia","https://en.wikipedia.org/wiki/John_Steinbeck",38,"a2bec9ef-28a6-41cb-937b-adaf51dd5ca7","2025-03-29 17:13:07","a2bec9ef-28a6-41cb-937b-adaf51dd5ca7","2025-03-29 17:13:07",1
"BookBrainz","https://bookbrainz.org/author/5783420f-2fd9-48f1-bc42-390b68f77fd1",38,"a2bec9ef-28a6-41cb-937b-adaf51dd5ca7","2025-03-29 17:13:07","a2bec9ef-28a6-41cb-937b-adaf51dd5ca7","2025-03-29 17:13:07",1
"inventaire.io","https://inventaire.io/entity/wd:Q39212",38,"a2bec9ef-28a6-41cb-937b-adaf51dd5ca7","2025-03-29 17:13:07","a2bec9ef-28a6-41cb-937b-adaf51dd5ca7","2025-03-29 17:13:07",1
"Wikipedia","https://en.wikipedia.org/wiki/Edgar_Allan_Poe",40,"a2bec9ef-28a6-41cb-937b-adaf51dd5ca7","2025-03-29 17:13:07","a2bec9ef-28a6-41cb-937b-adaf51dd5ca7","2025-03-29 17:13:07",1
"BookBrainz","https://bookbrainz.org/author/6eef1b1c-a4a2-4c8d-a37c-75df656b5178",40,"a2bec9ef-28a6-41cb-937b-adaf51dd5ca7","2025-03-29 17:13:07","a2bec9ef-28a6-41cb-937b-adaf51dd5ca7","2025-03-29 17:13:07",1
"inventaire.io","https://inventaire.io/entity/wd:Q16867",40,"a2bec9ef-28a6-41cb-937b-adaf51dd5ca7","2025-03-29 17:13:07","a2bec9ef-28a6-41cb-937b-adaf51dd5ca7","2025-03-29 17:13:07",1
"Wikipedia entry","http://en.wikipedia.org/wiki/Alice_Walker",44,"a2bec9ef-28a6-41cb-937b-adaf51dd5ca7","2025-03-29 17:13:07","a2bec9ef-28a6-41cb-937b-adaf51dd5ca7","2025-03-29 17:13:07",1
"Alice Walker's Garden","http://www.alicewalkersgarden.com/alice_walker_welcom.html",44,"a2bec9ef-28a6-41cb-937b-adaf51dd5ca7","2025-03-29 17:13:07","a2bec9ef-28a6-41cb-937b-adaf51dd5ca7","2025-03-29 17:13:07",1
"Jim-Butcher.Com: Home","http://www.jim-butcher.com",45,"a2bec9ef-28a6-41cb-937b-adaf51dd5ca7","2025-03-29 17:13:07","a2bec9ef-28a6-41cb-937b-adaf51dd5ca7","2025-03-29 17:13:07",1
"michaelpollan.com","https://michaelpollan.com/",46,"a2bec9ef-28a6-41cb-937b-adaf51dd5ca7","2025-03-29 17:13:07","a2bec9ef-28a6-41cb-937b-adaf51dd5ca7","2025-03-29 17:13:07",1
"Wikipedia link for Charlotte Brontë","http://en.wikipedia.org/wiki/Charlotte_Brontë",51,"a2bec9ef-28a6-41cb-937b-adaf51dd5ca7","2025-03-29 17:13:07","a2bec9ef-28a6-41cb-937b-adaf51dd5ca7","2025-03-29 17:13:07",1
"Wikipedia","https://en.wikipedia.org/wiki/Adrian_Tchaikovsky",52,"a2bec9ef-28a6-41cb-937b-adaf51dd5ca7","2025-03-29 17:13:07","a2bec9ef-28a6-41cb-937b-adaf51dd5ca7","2025-03-29 17:13:07",1
"Wikipedia page","http://en.wikipedia.org/wiki/Strugackij",53,"a2bec9ef-28a6-41cb-937b-adaf51dd5ca7","2025-03-29 17:13:07","a2bec9ef-28a6-41cb-937b-adaf51dd5ca7","2025-03-29 17:13:07",1
"Wikipedia entry","https://secure.wikimedia.org/wikipedia/en/wiki/Arkady_and_Boris_Strugatsky",53,"a2bec9ef-28a6-41cb-937b-adaf51dd5ca7","2025-03-29 17:13:07","a2bec9ef-28a6-41cb-937b-adaf51dd5ca7","2025-03-29 17:13:07",1
"Goodreads","https://www.goodreads.com/author/show/21098177.Ali_Hazelwood",55,"a2bec9ef-28a6-41cb-937b-adaf51dd5ca7","2025-03-29 17:13:07","a2bec9ef-28a6-41cb-937b-adaf51dd5ca7","2025-03-29 17:13:07",1
"Official Web Site","http://angiethomas.com",59,"a2bec9ef-28a6-41cb-937b-adaf51dd5ca7","2025-03-29 17:13:07","a2bec9ef-28a6-41cb-937b-adaf51dd5ca7","2025-03-29 17:13:07",1
"Author's website","https://anahuang.com",78,"a2bec9ef-28a6-41cb-937b-adaf51dd5ca7","2025-03-29 17:13:07","a2bec9ef-28a6-41cb-937b-adaf51dd5ca7","2025-03-29 17:13:07",1
"VIAF","https://viaf.org/viaf/317283205",79,"a2bec9ef-28a6-41cb-937b-adaf51dd5ca7","2025-03-29 17:13:07","a2bec9ef-28a6-41cb-937b-adaf51dd5ca7","2025-03-29 17:13:07",1
"ISNI","http://isni.org/isni/0000000456193171",79,"a2bec9ef-28a6-41cb-937b-adaf51dd5ca7","2025-03-29 17:13:07","a2bec9ef-28a6-41cb-937b-adaf51dd5ca7","2025-03-29 17:13:07",1
"Wikidata","https://www.wikidata.org/wiki/Q217619",79,"a2bec9ef-28a6-41cb-937b-adaf51dd5ca7","2025-03-29 17:13:07","a2bec9ef-28a6-41cb-937b-adaf51dd5ca7","2025-03-29 17:13:07",1
"The International Anthony Burgess Foundation","https://www.anthonyburgess.org/",79,"a2bec9ef-28a6-41cb-937b-adaf51dd5ca7","2025-03-29 17:13:07","a2bec9ef-28a6-41cb-937b-adaf51dd5ca7","2025-03-29 17:13:07",1
"Hugo Online","http://www.hugo-online.org/",83,"a2bec9ef-28a6-41cb-937b-adaf51dd5ca7","2025-03-29 17:13:07","a2bec9ef-28a6-41cb-937b-adaf51dd5ca7","2025-03-29 17:13:07",1
"Jardin des citations","https://jardindescitations.com/auteurs/@victorHugo",83,"a2bec9ef-28a6-41cb-937b-adaf51dd5ca7","2025-03-29 17:13:07","a2bec9ef-28a6-41cb-937b-adaf51dd5ca7","2025-03-29 17:13:07",1
"Wikipedia EN","https://en.wikipedia.org/wiki/Edward_Snowden",87,"a2bec9ef-28a6-41cb-937b-adaf51dd5ca7","2025-03-29 17:13:07","a2bec9ef-28a6-41cb-937b-adaf51dd5ca7","2025-03-29 17:13:07",1
"Wikipedia page","http://en.wikipedia.org/wiki/Stephen_Hawking",90,"a2bec9ef-28a6-41cb-937b-adaf51dd5ca7","2025-03-29 17:13:07","a2bec9ef-28a6-41cb-937b-adaf51dd5ca7","2025-03-29 17:13:07",1
"The Tolkien Society","http://www.tolkiensociety.org/index.html",96,"a2bec9ef-28a6-41cb-937b-adaf51dd5ca7","2025-03-29 17:13:07","a2bec9ef-28a6-41cb-937b-adaf51dd5ca7","2025-03-29 17:13:07",1
"The Official Website of the JRR Tolkien Estate","http://www.tolkienestate.com/",96,"a2bec9ef-28a6-41cb-937b-adaf51dd5ca7","2025-03-29 17:13:07","a2bec9ef-28a6-41cb-937b-adaf51dd5ca7","2025-03-29 17:13:07",1
"TheOneRing.com","http://www.theonering.com/",96,"a2bec9ef-28a6-41cb-937b-adaf51dd5ca7","2025-03-29 17:13:07","a2bec9ef-28a6-41cb-937b-adaf51dd5ca7","2025-03-29 17:13:07",1
"Planet Tolkien","http://www.planet-tolkien.com/",96,"a2bec9ef-28a6-41cb-937b-adaf51dd5ca7","2025-03-29 17:13:07","a2bec9ef-28a6-41cb-937b-adaf51dd5ca7","2025-03-29 17:13:07",1
"The Tolkien Library: Collecting Tolkien books","http://www.tolkienlibrary.com/",96,"a2bec9ef-28a6-41cb-937b-adaf51dd5ca7","2025-03-29 17:13:07","a2bec9ef-28a6-41cb-937b-adaf51dd5ca7","2025-03-29 17:13:07",1
"Wikipedia","https://en.wikipedia.org/wiki/John_Green",97,"a2bec9ef-28a6-41cb-937b-adaf51dd5ca7","2025-03-29 17:13:07","a2bec9ef-28a6-41cb-937b-adaf51dd5ca7","2025-03-29 17:13:07",1
"VIAF","https://viaf.org/viaf/20959831/",100,"a2bec9ef-28a6-41cb-937b-adaf51dd5ca7","2025-03-29 17:13:07","a2bec9ef-28a6-41cb-937b-adaf51dd5ca7","2025-03-29 17:13:07",1
"Wikidata","https://www.wikidata.org/entity/Q298685",100,"a2bec9ef-28a6-41cb-937b-adaf51dd5ca7","2025-03-29 17:13:07","a2bec9ef-28a6-41cb-937b-adaf51dd5ca7","2025-03-29 17:13:07",1
"ISNI","http://www.isni.org/isni/0000000121193188",100,"a2bec9ef-28a6-41cb-937b-adaf51dd5ca7","2025-03-29 17:13:07","a2bec9ef-28a6-41cb-937b-adaf51dd5ca7","2025-03-29 17:13:07",1
"Facebook","http://www.facebook.com/Dr.Seuss",100,"a2bec9ef-28a6-41cb-937b-adaf51dd5ca7","2025-03-29 17:13:07","a2bec9ef-28a6-41cb-937b-adaf51dd5ca7","2025-03-29 17:13:07",1
"Wikipedia","https://en.wikipedia.org/wiki/Dr._Seuss",100,"a2bec9ef-28a6-41cb-937b-adaf51dd5ca7","2025-03-29 17:13:07","a2bec9ef-28a6-41cb-937b-adaf51dd5ca7","2025-03-29 17:13:07",1
"Instagram","https://instagram.com/drseuss",100,"a2bec9ef-28a6-41cb-937b-adaf51dd5ca7","2025-03-29 17:13:07","a2bec9ef-28a6-41cb-937b-adaf51dd5ca7","2025-03-29 17:13:07",1
"Twitter","https://twitter.com/drseuss",100,"a2bec9ef-28a6-41cb-937b-adaf51dd5ca7","2025-03-29 17:13:07","a2bec9ef-28a6-41cb-937b-adaf51dd5ca7","2025-03-29 17:13:07",1
"IMDb","http://www.imdb.com/name/nm0317450",100,"a2bec9ef-28a6-41cb-937b-adaf51dd5ca7","2025-03-29 17:13:07","a2bec9ef-28a6-41cb-937b-adaf51dd5ca7","2025-03-29 17:13:07",1
"YouTube","http://youtube.com/c/drseuss",100,"a2bec9ef-28a6-41cb-937b-adaf51dd5ca7","2025-03-29 17:13:07","a2bec9ef-28a6-41cb-937b-adaf51dd5ca7","2025-03-29 17:13:07",1
"Website","http://www.seussville.com",100,"a2bec9ef-28a6-41cb-937b-adaf51dd5ca7","2025-03-29 17:13:07","a2bec9ef-28a6-41cb-937b-adaf51dd5ca7","2025-03-29 17:13:07",1
"Website","http://www.seussville.com/",100,"a2bec9ef-28a6-41cb-937b-adaf51dd5ca7","2025-03-29 17:13:07","a2bec9ef-28a6-41cb-937b-adaf51dd5ca7","2025-03-29 17:13:07",1
"Wikipedia page","https://en.wikipedia.org/wiki/Joseph_Murphy_(author)",102,"a2bec9ef-28a6-41cb-937b-adaf51dd5ca7","2025-03-29 17:13:07","a2bec9ef-28a6-41cb-937b-adaf51dd5ca7","2025-03-29 17:13:07",1
"Wikipedia","https://en.wikipedia.org/wiki/Terry_Goodkind",103,"a2bec9ef-28a6-41cb-937b-adaf51dd5ca7","2025-03-29 17:13:07","a2bec9ef-28a6-41cb-937b-adaf51dd5ca7","2025-03-29 17:13:07",1
"Official Web Site","http://ta-nehisicoates.com",104,"a2bec9ef-28a6-41cb-937b-adaf51dd5ca7","2025-03-29 17:13:07","a2bec9ef-28a6-41cb-937b-adaf51dd5ca7","2025-03-29 17:13:07",1
"margaretatwood.ca","http://margaretatwood.ca",107,"a2bec9ef-28a6-41cb-937b-adaf51dd5ca7","2025-03-29 17:13:07","a2bec9ef-28a6-41cb-937b-adaf51dd5ca7","2025-03-29 17:13:07",1
"Becky Chambers' Website","https://www.otherscribbles.com",108,"a2bec9ef-28a6-41cb-937b-adaf51dd5ca7","2025-03-29 17:13:07","a2bec9ef-28a6-41cb-937b-adaf51dd5ca7","2025-03-29 17:13:07",1
"BookBrainz","https://bookbrainz.org/author/606e3f0b-4a73-40a9-8b1e-79e30139f47f",110,"a2bec9ef-28a6-41cb-937b-adaf51dd5ca7","2025-03-29 17:13:07","a2bec9ef-28a6-41cb-937b-adaf51dd5ca7","2025-03-29 17:13:07",1
"inventaire.io","https://inventaire.io/entity/wd:Q3335",110,"a2bec9ef-28a6-41cb-937b-adaf51dd5ca7","2025-03-29 17:13:07","a2bec9ef-28a6-41cb-937b-adaf51dd5ca7","2025-03-29 17:13:07",1
"Jane Austen's Fiction Manuscripts","http://www.janeausten.ac.uk/manuscripts/index.html",111,"a2bec9ef-28a6-41cb-937b-adaf51dd5ca7","2025-03-29 17:13:07","a2bec9ef-28a6-41cb-937b-adaf51dd5ca7","2025-03-29 17:13:07",1
"Victor Frankl Institute","http://www.viktorfrankl.org/e/",112,"a2bec9ef-28a6-41cb-937b-adaf51dd5ca7","2025-03-29 17:13:07","a2bec9ef-28a6-41cb-937b-adaf51dd5ca7","2025-03-29 17:13:07",1
"Wikipedia","https://en.wikipedia.org/wiki/Viktor_Frankl",112,"a2bec9ef-28a6-41cb-937b-adaf51dd5ca7","2025-03-29 17:13:07","a2bec9ef-28a6-41cb-937b-adaf51dd5ca7","2025-03-29 17:13:07",1
"Website","http://www.blakecrouch.com/",113,"a2bec9ef-28a6-41cb-937b-adaf51dd5ca7","2025-03-29 17:13:07","a2bec9ef-28a6-41cb-937b-adaf51dd5ca7","2025-03-29 17:13:07",1
"Official Website of the Sir Arthur Conan Doyle Literary Estate","http://www.sherlockholmesonline.org/",115,"a2bec9ef-28a6-41cb-937b-adaf51dd5ca7","2025-03-29 17:13:07","a2bec9ef-28a6-41cb-937b-adaf51dd5ca7","2025-03-29 17:13:07",1
"Official Site","http://www.jkrowling.com/",117,"a2bec9ef-28a6-41cb-937b-adaf51dd5ca7","2025-03-29 17:13:07","a2bec9ef-28a6-41cb-937b-adaf51dd5ca7","2025-03-29 17:13:07",1
"Source","http://www.danielabraham.com/james-s-a-corey/",119,"a2bec9ef-28a6-41cb-937b-adaf51dd5ca7","2025-03-29 17:13:07","a2bec9ef-28a6-41cb-937b-adaf51dd5ca7","2025-03-29 17:13:07",1
"Wikipedia entry","https://secure.wikimedia.org/wikipedia/en/wiki/Octavia_E._Butler",122,"a2bec9ef-28a6-41cb-937b-adaf51dd5ca7","2025-03-29 17:13:07","a2bec9ef-28a6-41cb-937b-adaf51dd5ca7","2025-03-29 17:13:07",1
"ISNI","http://isni.org/isni/0000000121415473",125,"a2bec9ef-28a6-41cb-937b-adaf51dd5ca7","2025-03-29 17:13:07","a2bec9ef-28a6-41cb-937b-adaf51dd5ca7","2025-03-29 17:13:07",1
"VIAF","https://viaf.org/viaf/82496850/",125,"a2bec9ef-28a6-41cb-937b-adaf51dd5ca7","2025-03-29 17:13:07","a2bec9ef-28a6-41cb-937b-adaf51dd5ca7","2025-03-29 17:13:07",1
"Wikidata","https://www.wikidata.org/wiki/Q606557",125,"a2bec9ef-28a6-41cb-937b-adaf51dd5ca7","2025-03-29 17:13:07","a2bec9ef-28a6-41cb-937b-adaf51dd5ca7","2025-03-29 17:13:07",1
"Official Website","https://www.eric-carle.com/",125,"a2bec9ef-28a6-41cb-937b-adaf51dd5ca7","2025-03-29 17:13:07","a2bec9ef-28a6-41cb-937b-adaf51dd5ca7","2025-03-29 17:13:07",1
"Goodreads","www.goodreads.com/author/show/1036736.Katherine_Applegate",130,"a2bec9ef-28a6-41cb-937b-adaf51dd5ca7","2025-03-29 17:13:07","a2bec9ef-28a6-41cb-937b-adaf51dd5ca7","2025-03-29 17:13:07",1
"katherineapplegate.com","https://katherineapplegate.com/",130,"a2bec9ef-28a6-41cb-937b-adaf51dd5ca7","2025-03-29 17:13:07","a2bec9ef-28a6-41cb-937b-adaf51dd5ca7","2025-03-29 17:13:07",1
"TerryPratchettBooks.com","http://www.terrypratchettbooks.com/",133,"a2bec9ef-28a6-41cb-937b-adaf51dd5ca7","2025-03-29 17:13:07","a2bec9ef-28a6-41cb-937b-adaf51dd5ca7","2025-03-29 17:13:07",1
"TerryPratchett.co.uk","http://www.terrypratchett.co.uk/",133,"a2bec9ef-28a6-41cb-937b-adaf51dd5ca7","2025-03-29 17:13:07","a2bec9ef-28a6-41cb-937b-adaf51dd5ca7","2025-03-29 17:13:07",1
"Wikipedia link Robert Heinlein","http://en.wikipedia.org/wiki/Robert_A._Heinlein",137,"a2bec9ef-28a6-41cb-937b-adaf51dd5ca7","2025-03-29 17:13:07","a2bec9ef-28a6-41cb-937b-adaf51dd5ca7","2025-03-29 17:13:07",1
"Heinlein Society is a group dedicated to preserving Heinlein's legacy.","http://www.heinleinsociety.org/",137,"a2bec9ef-28a6-41cb-937b-adaf51dd5ca7","2025-03-29 17:13:07","a2bec9ef-28a6-41cb-937b-adaf51dd5ca7","2025-03-29 17:13:07",1
"Erich Maria Remarque: Life and Work","https://love-books-review.com/reviews-by-author/erich-maria-remarque/",138,"a2bec9ef-28a6-41cb-937b-adaf51dd5ca7","2025-03-29 17:13:07","a2bec9ef-28a6-41cb-937b-adaf51dd5ca7","2025-03-29 17:13:07",1
"Hatrack River - The Official Web Site of Orson Scott Card","http://www.hatrack.com/",141,"a2bec9ef-28a6-41cb-937b-adaf51dd5ca7","2025-03-29 17:13:07","a2bec9ef-28a6-41cb-937b-adaf51dd5ca7","2025-03-29 17:13:07",1
"Orson Scott Card - Wikipedia","https://en.wikipedia.org/wiki/Orson_Scott_Card",141,"a2bec9ef-28a6-41cb-937b-adaf51dd5ca7","2025-03-29 17:13:07","a2bec9ef-28a6-41cb-937b-adaf51dd5ca7","2025-03-29 17:13:07",1
"Wikipedia","https://en.wikipedia.org/wiki/Robert_Kiyosaki",148,"a2bec9ef-28a6-41cb-937b-adaf51dd5ca7","2025-03-29 17:13:07","a2bec9ef-28a6-41cb-937b-adaf51dd5ca7","2025-03-29 17:13:07",1
"LibriVox audio books","http://librivox.org/newcatalog/search_advanced.php?author=Lucy+Maud+Montgomery&status=complete&action=Search",149,"a2bec9ef-28a6-41cb-937b-adaf51dd5ca7","2025-03-29 17:13:07","a2bec9ef-28a6-41cb-937b-adaf51dd5ca7","2025-03-29 17:13:07",1
"Wikipedia","http://en.wikipedia.org/wiki/Shirley_Jackson",152,"a2bec9ef-28a6-41cb-937b-adaf51dd5ca7","2025-03-29 17:13:07","a2bec9ef-28a6-41cb-937b-adaf51dd5ca7","2025-03-29 17:13:07",1
"The New York Times: A Classic Turns 50, and Parties Are Planned","http://www.nytimes.com/2010/05/25/books/25mock.html",156,"a2bec9ef-28a6-41cb-937b-adaf51dd5ca7","2025-03-29 17:13:07","a2bec9ef-28a6-41cb-937b-adaf51dd5ca7","2025-03-29 17:13:07",1
"Personal Website","http://www.patrickrothfuss.com/",159,"a2bec9ef-28a6-41cb-937b-adaf51dd5ca7","2025-03-29 17:13:07","a2bec9ef-28a6-41cb-937b-adaf51dd5ca7","2025-03-29 17:13:07",1
"Blog","http://blog.patrickrothfuss.com/",159,"a2bec9ef-28a6-41cb-937b-adaf51dd5ca7","2025-03-29 17:13:07","a2bec9ef-28a6-41cb-937b-adaf51dd5ca7","2025-03-29 17:13:07",1
"Blog","https://pluralistic.net/",160,"a2bec9ef-28a6-41cb-937b-adaf51dd5ca7","2025-03-29 17:13:07","a2bec9ef-28a6-41cb-937b-adaf51dd5ca7","2025-03-29 17:13:07",1
"Website","https://craphound.com/",160,"a2bec9ef-28a6-41cb-937b-adaf51dd5ca7","2025-03-29 17:13:07","a2bec9ef-28a6-41cb-937b-adaf51dd5ca7","2025-03-29 17:13:07",1
"Official Site","http://www.lemonysnicket.com/",168,"a2bec9ef-28a6-41cb-937b-adaf51dd5ca7","2025-03-29 17:13:07","a2bec9ef-28a6-41cb-937b-adaf51dd5ca7","2025-03-29 17:13:07",1
"Wikipedia entry","http://en.wikipedia.org/wiki/Kathryn_Stockett",170,"a2bec9ef-28a6-41cb-937b-adaf51dd5ca7","2025-03-29 17:13:07","a2bec9ef-28a6-41cb-937b-adaf51dd5ca7","2025-03-29 17:13:07",1
"Official Web Site","http://www.georgerrmartin.com/",172,"a2bec9ef-28a6-41cb-937b-adaf51dd5ca7","2025-03-29 17:13:07","a2bec9ef-28a6-41cb-937b-adaf51dd5ca7","2025-03-29 17:13:07",1
"George R. R. Martin's Blog","http://grrm.livejournal.com/",172,"a2bec9ef-28a6-41cb-937b-adaf51dd5ca7","2025-03-29 17:13:07","a2bec9ef-28a6-41cb-937b-adaf51dd5ca7","2025-03-29 17:13:07",1
"Galactanet","http://www.galactanet.com/",175,"a2bec9ef-28a6-41cb-937b-adaf51dd5ca7","2025-03-29 17:13:07","a2bec9ef-28a6-41cb-937b-adaf51dd5ca7","2025-03-29 17:13:07",1
"Andy Weir","http://www.andyweirauthor.com/",175,"a2bec9ef-28a6-41cb-937b-adaf51dd5ca7","2025-03-29 17:13:07","a2bec9ef-28a6-41cb-937b-adaf51dd5ca7","2025-03-29 17:13:07",1
"Website","https://andyweirauthor.com/",175,"a2bec9ef-28a6-41cb-937b-adaf51dd5ca7","2025-03-29 17:13:07","a2bec9ef-28a6-41cb-937b-adaf51dd5ca7","2025-03-29 17:13:07",1
"Facebook","https://www.facebook.com/pages/Andy-Weir/462962073803090",175,"a2bec9ef-28a6-41cb-937b-adaf51dd5ca7","2025-03-29 17:13:07","a2bec9ef-28a6-41cb-937b-adaf51dd5ca7","2025-03-29 17:13:07",1
"Twitter","https://x.com/andyweirauthor",175,"a2bec9ef-28a6-41cb-937b-adaf51dd5ca7","2025-03-29 17:13:07","a2bec9ef-28a6-41cb-937b-adaf51dd5ca7","2025-03-29 17:13:07",1
"Wikipedia","https://en.wikipedia.org/wiki/Bill_Martin_Jr.",178,"a2bec9ef-28a6-41cb-937b-adaf51dd5ca7","2025-03-29 17:13:07","a2bec9ef-28a6-41cb-937b-adaf51dd5ca7","2025-03-29 17:13:07",1
"TAMU collection","https://archives.tamuc.edu/repositories/2/resources/66",178,"a2bec9ef-28a6-41cb-937b-adaf51dd5ca7","2025-03-29 17:13:07","a2bec9ef-28a6-41cb-937b-adaf51dd5ca7","2025-03-29 17:13:07",1
"Official website","https://www.billmartinjr.com/",178,"a2bec9ef-28a6-41cb-937b-adaf51dd5ca7","2025-03-29 17:13:07","a2bec9ef-28a6-41cb-937b-adaf51dd5ca7","2025-03-29 17:13:07",1
"encyclopedia.com (contains list of books)","https://www.encyclopedia.com/arts/culture-magazines/martin-bill-jr",178,"a2bec9ef-28a6-41cb-937b-adaf51dd5ca7","2025-03-29 17:13:07","a2bec9ef-28a6-41cb-937b-adaf51dd5ca7","2025-03-29 17:13:07",1
"GoodReads","http://www.goodreads.com/author/show/2493.Lois_Lowry",184,"a2bec9ef-28a6-41cb-937b-adaf51dd5ca7","2025-03-29 17:13:07","a2bec9ef-28a6-41cb-937b-adaf51dd5ca7","2025-03-29 17:13:07",1
"Wikipedia entry","https://secure.wikimedia.org/wikipedia/en/wiki/Diana_Wynne_Jones",190,"a2bec9ef-28a6-41cb-937b-adaf51dd5ca7","2025-03-29 17:13:07","a2bec9ef-28a6-41cb-937b-adaf51dd5ca7","2025-03-29 17:13:07",1
"Blog","http://fredrik.cafe.se/",191,"a2bec9ef-28a6-41cb-937b-adaf51dd5ca7","2025-03-29 17:13:07","a2bec9ef-28a6-41cb-937b-adaf51dd5ca7","2025-03-29 17:13:07",1
"Wikipedia [sv]","http://sv.wikipedia.org/wiki/Fredrik_Backman_%28skribent%29",191,"a2bec9ef-28a6-41cb-937b-adaf51dd5ca7","2025-03-29 17:13:07","a2bec9ef-28a6-41cb-937b-adaf51dd5ca7","2025-03-29 17:13:07",1
"Neil Gaiman","http://www.neilgaiman.com",194,"a2bec9ef-28a6-41cb-937b-adaf51dd5ca7","2025-03-29 17:13:07","a2bec9ef-28a6-41cb-937b-adaf51dd5ca7","2025-03-29 17:13:07",1
"Website","http://www.umbertoeco.it/",200,"a2bec9ef-28a6-41cb-937b-adaf51dd5ca7","2025-03-29 17:13:07","a2bec9ef-28a6-41cb-937b-adaf51dd5ca7","2025-03-29 17:13:07",1
"Author home page","http://www.ursulakleguin.com/",201,"a2bec9ef-28a6-41cb-937b-adaf51dd5ca7","2025-03-29 17:13:07","a2bec9ef-28a6-41cb-937b-adaf51dd5ca7","2025-03-29 17:13:07",1
"Wikipedia (en)","https://en.wikipedia.org/wiki/Ursula_K._Le_Guin",201,"a2bec9ef-28a6-41cb-937b-adaf51dd5ca7","2025-03-29 17:13:07","a2bec9ef-28a6-41cb-937b-adaf51dd5ca7","2025-03-29 17:13:07",1
"BookBrainz","https://bookbrainz.org/author/e66704df-2386-4af9-9b02-a3440a1bc828",201,"a2bec9ef-28a6-41cb-937b-adaf51dd5ca7","2025-03-29 17:13:07","a2bec9ef-28a6-41cb-937b-adaf51dd5ca7","2025-03-29 17:13:07",1
"inventaire.io","https://inventaire.io/entity/wd:Q181659",201,"a2bec9ef-28a6-41cb-937b-adaf51dd5ca7","2025-03-29 17:13:07","a2bec9ef-28a6-41cb-937b-adaf51dd5ca7","2025-03-29 17:13:07",1
"Agatha Christie 120","http://www.agathachristie.com/about-christie/the-queen-of-crime/120-year-anniversary/",204,"a2bec9ef-28a6-41cb-937b-adaf51dd5ca7","2025-03-29 17:13:07","a2bec9ef-28a6-41cb-937b-adaf51dd5ca7","2025-03-29 17:13:07",1
"Website","http://www.agathachristie.com/",204,"a2bec9ef-28a6-41cb-937b-adaf51dd5ca7","2025-03-29 17:13:07","a2bec9ef-28a6-41cb-937b-adaf51dd5ca7","2025-03-29 17:13:07",1
"DANIEL KEYES BIO - Daniel Keyes Homepage","http://www.danielkeyesauthor.com/dksbio.html",205,"a2bec9ef-28a6-41cb-937b-adaf51dd5ca7","2025-03-29 17:13:07","a2bec9ef-28a6-41cb-937b-adaf51dd5ca7","2025-03-29 17:13:07",1
"Official web site","http://www.trevornoah.com",208,"a2bec9ef-28a6-41cb-937b-adaf51dd5ca7","2025-03-29 17:13:07","a2bec9ef-28a6-41cb-937b-adaf51dd5ca7","2025-03-29 17:13:07",1
"Official Web Site","http://www.trevornoah.com",208,"a2bec9ef-28a6-41cb-937b-adaf51dd5ca7","2025-03-29 17:13:07","a2bec9ef-28a6-41cb-937b-adaf51dd5ca7","2025-03-29 17:13:07",1
"ISNI","http://isni.org/isni/0000000001066256",209,"a2bec9ef-28a6-41cb-937b-adaf51dd5ca7","2025-03-29 17:13:07","a2bec9ef-28a6-41cb-937b-adaf51dd5ca7","2025-03-29 17:13:07",1
"LOC","https://catalog.loc.gov/vwebv/search?searchArg=kahlil+gibran&searchCode=GKEY%5E*&searchType=1&limitTo=none&fromYear=&toYear=&limitTo=LOCA%3Dall&limitTo=PLAC%3Dall&limitTo=TYPE%3Dall&limitTo=LANG%3Dall&recCount=100",209,"a2bec9ef-28a6-41cb-937b-adaf51dd5ca7","2025-03-29 17:13:07","a2bec9ef-28a6-41cb-937b-adaf51dd5ca7","2025-03-29 17:13:07",1
"crichton-official.com","http://www.crichton-official.com/",210,"a2bec9ef-28a6-41cb-937b-adaf51dd5ca7","2025-03-29 17:13:07","a2bec9ef-28a6-41cb-937b-adaf51dd5ca7","2025-03-29 17:13:07",1
"Wikipedia entry","http://en.wikipedia.org/wiki/Michael_Crichton",210,"a2bec9ef-28a6-41cb-937b-adaf51dd5ca7","2025-03-29 17:13:07","a2bec9ef-28a6-41cb-937b-adaf51dd5ca7","2025-03-29 17:13:07",1
"Wikipedia entry","http://en.wikipedia.org/wiki/Maurice_Sendak",215,"a2bec9ef-28a6-41cb-937b-adaf51dd5ca7","2025-03-29 17:13:07","a2bec9ef-28a6-41cb-937b-adaf51dd5ca7","2025-03-29 17:13:07",1
"Sendak Archive","http://www.lib.usm.edu/~degrum/html/research/findaids/DG0878f.html",215,"a2bec9ef-28a6-41cb-937b-adaf51dd5ca7","2025-03-29 17:13:07","a2bec9ef-28a6-41cb-937b-adaf51dd5ca7","2025-03-29 17:13:07",1
"stieglarsson.com","http://www.stieglarsson.com/",217,"a2bec9ef-28a6-41cb-937b-adaf51dd5ca7","2025-03-29 17:13:07","a2bec9ef-28a6-41cb-937b-adaf51dd5ca7","2025-03-29 17:13:07",1
"Wikipedia","https://en.wikipedia.org/wiki/Jojo_Moyes",218,"a2bec9ef-28a6-41cb-937b-adaf51dd5ca7","2025-03-29 17:13:07","a2bec9ef-28a6-41cb-937b-adaf51dd5ca7","2025-03-29 17:13:07",1
"Wikipedia","https://en.wikipedia.org/wiki/Upton_Sinclair",221,"a2bec9ef-28a6-41cb-937b-adaf51dd5ca7","2025-03-29 17:13:07","a2bec9ef-28a6-41cb-937b-adaf51dd5ca7","2025-03-29 17:13:07",1
"inventaire.io","https://inventaire.io/entity/wd:Q216134",221,"a2bec9ef-28a6-41cb-937b-adaf51dd5ca7","2025-03-29 17:13:07","a2bec9ef-28a6-41cb-937b-adaf51dd5ca7","2025-03-29 17:13:07",1
"BookBrainz","https://bookbrainz.org/author/e306c952-4a3d-46b4-a032-712dd7a7d30a",221,"a2bec9ef-28a6-41cb-937b-adaf51dd5ca7","2025-03-29 17:13:07","a2bec9ef-28a6-41cb-937b-adaf51dd5ca7","2025-03-29 17:13:07",1
"ISNI","http://isni.org/isni/0000000106557959",222,"a2bec9ef-28a6-41cb-937b-adaf51dd5ca7","2025-03-29 17:13:07","a2bec9ef-28a6-41cb-937b-adaf51dd5ca7","2025-03-29 17:13:07",1
"V. C. Andrews - Wikipedia","https://en.wikipedia.org/wiki/V._C._Andrews",222,"a2bec9ef-28a6-41cb-937b-adaf51dd5ca7","2025-03-29 17:13:07","a2bec9ef-28a6-41cb-937b-adaf51dd5ca7","2025-03-29 17:13:07",1
"Wikipedia","https://en.wikipedia.org/wiki/Kiera_Cass",230,"a2bec9ef-28a6-41cb-937b-adaf51dd5ca7","2025-03-29 17:13:07","a2bec9ef-28a6-41cb-937b-adaf51dd5ca7","2025-03-29 17:13:07",1
"Wikipedia entry","http://en.wikipedia.org/wiki/Neal_Stephenson",233,"a2bec9ef-28a6-41cb-937b-adaf51dd5ca7","2025-03-29 17:13:07","a2bec9ef-28a6-41cb-937b-adaf51dd5ca7","2025-03-29 17:13:07",1
"nealstephenson.com","https://www.nealstephenson.com/",233,"a2bec9ef-28a6-41cb-937b-adaf51dd5ca7","2025-03-29 17:13:07","a2bec9ef-28a6-41cb-937b-adaf51dd5ca7","2025-03-29 17:13:07",1
"The Arthur C. Clarke Foundation","http://www.clarkefoundation.org/",236,"a2bec9ef-28a6-41cb-937b-adaf51dd5ca7","2025-03-29 17:13:07","a2bec9ef-28a6-41cb-937b-adaf51dd5ca7","2025-03-29 17:13:07",1
"Arthur C. Clarke .net","http://www.arthurcclarke.net/",236,"a2bec9ef-28a6-41cb-937b-adaf51dd5ca7","2025-03-29 17:13:07","a2bec9ef-28a6-41cb-937b-adaf51dd5ca7","2025-03-29 17:13:07",1
"suzannecollinsbooks.com","http://www.suzannecollinsbooks.com/",240,"a2bec9ef-28a6-41cb-937b-adaf51dd5ca7","2025-03-29 17:13:07","a2bec9ef-28a6-41cb-937b-adaf51dd5ca7","2025-03-29 17:13:07",1
"Norman's home page","http://www.jnd.org/",245,"a2bec9ef-28a6-41cb-937b-adaf51dd5ca7","2025-03-29 17:13:07","a2bec9ef-28a6-41cb-937b-adaf51dd5ca7","2025-03-29 17:13:07",1
"Wikipedia entry","http://en.wikipedia.org/wiki/Donald_Norman",245,"a2bec9ef-28a6-41cb-937b-adaf51dd5ca7","2025-03-29 17:13:07","a2bec9ef-28a6-41cb-937b-adaf51dd5ca7","2025-03-29 17:13:07",1
"Manila Bulletin review","https://mb.com.ph/2021/12/10/night-owl-a-nationbuilders-manual#google_vignette",250,"a2bec9ef-28a6-41cb-937b-adaf51dd5ca7","2025-03-29 17:13:07","a2bec9ef-28a6-41cb-937b-adaf51dd5ca7","2025-03-29 17:13:07",1
"People Asia","https://peopleasia.ph/from-bbb-to-dict-lamentillo-releases-second-edition-of-night-owl/",250,"a2bec9ef-28a6-41cb-937b-adaf51dd5ca7","2025-03-29 17:13:07","a2bec9ef-28a6-41cb-937b-adaf51dd5ca7","2025-03-29 17:13:07",1
"Wikipedia","https://en.wikipedia.org/wiki/Alan_Moore",253,"a2bec9ef-28a6-41cb-937b-adaf51dd5ca7","2025-03-29 17:13:07","a2bec9ef-28a6-41cb-937b-adaf51dd5ca7","2025-03-29 17:13:07",1
"BookBrainz","https://bookbrainz.org/author/51f0fb35-2c27-49e2-99ce-164dc984900b",253,"a2bec9ef-28a6-41cb-937b-adaf51dd5ca7","2025-03-29 17:13:07","a2bec9ef-28a6-41cb-937b-adaf51dd5ca7","2025-03-29 17:13:07",1
"inventaire.io","https://inventaire.io/entity/wd:Q205739",253,"a2bec9ef-28a6-41cb-937b-adaf51dd5ca7","2025-03-29 17:13:07","a2bec9ef-28a6-41cb-937b-adaf51dd5ca7","2025-03-29 17:13:07",1
"Wikipedia entry (includes useful bibliography)","http://en.wikipedia.org/wiki/Jules_Verne",254,"a2bec9ef-28a6-41cb-937b-adaf51dd5ca7","2025-03-29 17:13:07","a2bec9ef-28a6-41cb-937b-adaf51dd5ca7","2025-03-29 17:13:07",1
"Le musée Jules Verne de Nantes","http://www.nantes.fr/julesverne/acc_5.htm",254,"a2bec9ef-28a6-41cb-937b-adaf51dd5ca7","2025-03-29 17:13:07","a2bec9ef-28a6-41cb-937b-adaf51dd5ca7","2025-03-29 17:13:07",1
"Stephen King's Official Web Site","http://www.stephenking.com",259,"a2bec9ef-28a6-41cb-937b-adaf51dd5ca7","2025-03-29 17:13:07","a2bec9ef-28a6-41cb-937b-adaf51dd5ca7","2025-03-29 17:13:07",1
"French Wikipédia Page","http://fr.wikipedia.org/wiki/Isaac_Asimov",260,"a2bec9ef-28a6-41cb-937b-adaf51dd5ca7","2025-03-29 17:13:07","a2bec9ef-28a6-41cb-937b-adaf51dd5ca7","2025-03-29 17:13:07",1
"DouglasAdams.com","http://www.douglasadams.com/",261,"a2bec9ef-28a6-41cb-937b-adaf51dd5ca7","2025-03-29 17:13:07","a2bec9ef-28a6-41cb-937b-adaf51dd5ca7","2025-03-29 17:13:07",1
"Wikipedia entry","http://en.wikipedia.org/wiki/Oscar_Wilde",262,"a2bec9ef-28a6-41cb-937b-adaf51dd5ca7","2025-03-29 17:13:07","a2bec9ef-28a6-41cb-937b-adaf51dd5ca7","2025-03-29 17:13:07",1
"Oscar Wilde Quotations","http://izquotes.com/author/oscar-wilde",262,"a2bec9ef-28a6-41cb-937b-adaf51dd5ca7","2025-03-29 17:13:07","a2bec9ef-28a6-41cb-937b-adaf51dd5ca7","2025-03-29 17:13:07",1
"Jardin des citations","https://jardindescitations.com/auteurs/@oscarWilde",262,"a2bec9ef-28a6-41cb-937b-adaf51dd5ca7","2025-03-29 17:13:07","a2bec9ef-28a6-41cb-937b-adaf51dd5ca7","2025-03-29 17:13:07",1
"audreyniffenegger.com","https://www.audreyniffenegger.com/",263,"a2bec9ef-28a6-41cb-937b-adaf51dd5ca7","2025-03-29 17:13:07","a2bec9ef-28a6-41cb-937b-adaf51dd5ca7","2025-03-29 17:13:07",1
"VIAF ID: 85470258 (Personal)","http://viaf.org/viaf/85470258",263,"a2bec9ef-28a6-41cb-937b-adaf51dd5ca7","2025-03-29 17:13:07","a2bec9ef-28a6-41cb-937b-adaf51dd5ca7","2025-03-29 17:13:07",1
"VIAF ID: 273868044 (Personal)","http://viaf.org/viaf/273868044",263,"a2bec9ef-28a6-41cb-937b-adaf51dd5ca7","2025-03-29 17:13:07","a2bec9ef-28a6-41cb-937b-adaf51dd5ca7","2025-03-29 17:13:07",1
"Wikipedia","http://en.wikipedia.org/wiki/Larry_Niven",264,"a2bec9ef-28a6-41cb-937b-adaf51dd5ca7","2025-03-29 17:13:07","a2bec9ef-28a6-41cb-937b-adaf51dd5ca7","2025-03-29 17:13:07",1
"The Cult","http://chuckpalahniuk.net/",266,"a2bec9ef-28a6-41cb-937b-adaf51dd5ca7","2025-03-29 17:13:07","a2bec9ef-28a6-41cb-937b-adaf51dd5ca7","2025-03-29 17:13:07",1
"roalddahl.com","http://www.roalddahl.com/",267,"a2bec9ef-28a6-41cb-937b-adaf51dd5ca7","2025-03-29 17:13:07","a2bec9ef-28a6-41cb-937b-adaf51dd5ca7","2025-03-29 17:13:07",1
"Wikipedia entry","http://en.wikipedia.org/wiki/Roald_Dahl",267,"a2bec9ef-28a6-41cb-937b-adaf51dd5ca7","2025-03-29 17:13:07","a2bec9ef-28a6-41cb-937b-adaf51dd5ca7","2025-03-29 17:13:07",1
"Official web page","http://www.victoriajamieson.com/",269,"a2bec9ef-28a6-41cb-937b-adaf51dd5ca7","2025-03-29 17:13:07","a2bec9ef-28a6-41cb-937b-adaf51dd5ca7","2025-03-29 17:13:07",1
"Author web site","http://www.sehinton.com/",272,"a2bec9ef-28a6-41cb-937b-adaf51dd5ca7","2025-03-29 17:13:07","a2bec9ef-28a6-41cb-937b-adaf51dd5ca7","2025-03-29 17:13:07",1
"Wikipedia page","http://en.wikipedia.org/wiki/S_E_Hinton",272,"a2bec9ef-28a6-41cb-937b-adaf51dd5ca7","2025-03-29 17:13:07","a2bec9ef-28a6-41cb-937b-adaf51dd5ca7","2025-03-29 17:13:07",1
"Wikipedia Article","http://en.wikipedia.org/wiki/Jared_Diamond",274,"a2bec9ef-28a6-41cb-937b-adaf51dd5ca7","2025-03-29 17:13:07","a2bec9ef-28a6-41cb-937b-adaf51dd5ca7","2025-03-29 17:13:07",1
"jareddiamond.org","http://jareddiamond.org/Jared_Diamond/Welcome.html",274,"a2bec9ef-28a6-41cb-937b-adaf51dd5ca7","2025-03-29 17:13:07","a2bec9ef-28a6-41cb-937b-adaf51dd5ca7","2025-03-29 17:13:07",1
"RayBradbury.com","http://www.raybradbury.com/",278,"a2bec9ef-28a6-41cb-937b-adaf51dd5ca7","2025-03-29 17:13:07","a2bec9ef-28a6-41cb-937b-adaf51dd5ca7","2025-03-29 17:13:07",1
"Wikipedia EN","https://en.wikipedia.org/wiki/Ray_Bradbury",278,"a2bec9ef-28a6-41cb-937b-adaf51dd5ca7","2025-03-29 17:13:07","a2bec9ef-28a6-41cb-937b-adaf51dd5ca7","2025-03-29 17:13:07",1
"CMQ","https://caseymcquiston.com/",281,"a2bec9ef-28a6-41cb-937b-adaf51dd5ca7","2025-03-29 17:13:07","a2bec9ef-28a6-41cb-937b-adaf51dd5ca7","2025-03-29 17:13:07",1
"VIAF ID: 26154440069935341137 (Personal)","http://viaf.org/viaf/26154440069935341137",281,"a2bec9ef-28a6-41cb-937b-adaf51dd5ca7","2025-03-29 17:13:07","a2bec9ef-28a6-41cb-937b-adaf51dd5ca7","2025-03-29 17:13:07",1
"Wikipedia","https://en.wikipedia.org/wiki/Norton_Juster",285,"a2bec9ef-28a6-41cb-937b-adaf51dd5ca7","2025-03-29 17:13:07","a2bec9ef-28a6-41cb-937b-adaf51dd5ca7","2025-03-29 17:13:07",1
"Wikipedia","http://en.wikipedia.org/wiki/Iain_Banks",289,"a2bec9ef-28a6-41cb-937b-adaf51dd5ca7","2025-03-29 17:13:07","a2bec9ef-28a6-41cb-937b-adaf51dd5ca7","2025-03-29 17:13:07",1
"Wikipedia entry","https://secure.wikimedia.org/wikipedia/en/wiki/Arkady_and_Boris_Strugatsky",290,"a2bec9ef-28a6-41cb-937b-adaf51dd5ca7","2025-03-29 17:13:07","a2bec9ef-28a6-41cb-937b-adaf51dd5ca7","2025-03-29 17:13:07",1
"Wikipedia page","http://en.wikipedia.org/wiki/Strugackij",290,"a2bec9ef-28a6-41cb-937b-adaf51dd5ca7","2025-03-29 17:13:07","a2bec9ef-28a6-41cb-937b-adaf51dd5ca7","2025-03-29 17:13:07",1
"Official website","http://dykestowatchoutfor.com/",297,"a2bec9ef-28a6-41cb-937b-adaf51dd5ca7","2025-03-29 17:13:07","a2bec9ef-28a6-41cb-937b-adaf51dd5ca7","2025-03-29 17:13:07",1
"Bechdel test","http://en.wikipedia.org/wiki/Bechdel_test",297,"a2bec9ef-28a6-41cb-937b-adaf51dd5ca7","2025-03-29 17:13:07","a2bec9ef-28a6-41cb-937b-adaf51dd5ca7","2025-03-29 17:13:07",1
"The Lewis Carroll Society","http://lewiscarrollsociety.org.uk/",298,"a2bec9ef-28a6-41cb-937b-adaf51dd5ca7","2025-03-29 17:13:07","a2bec9ef-28a6-41cb-937b-adaf51dd5ca7","2025-03-29 17:13:07",1
"Carroll's Diaries","http://lewiscarrollsociety.org.uk/pages/lewiscarroll/diary.html",298,"a2bec9ef-28a6-41cb-937b-adaf51dd5ca7","2025-03-29 17:13:07","a2bec9ef-28a6-41cb-937b-adaf51dd5ca7","2025-03-29 17:13:07",1
"The World of Beverley Clearly","http://www.beverlycleary.com/",299,"a2bec9ef-28a6-41cb-937b-adaf51dd5ca7","2025-03-29 17:13:07","a2bec9ef-28a6-41cb-937b-adaf51dd5ca7","2025-03-29 17:13:07",1
"Profile from podcast","https://creativedisturbance.org/voice/john-jennings",303,"a2bec9ef-28a6-41cb-937b-adaf51dd5ca7","2025-03-29 17:13:07","a2bec9ef-28a6-41cb-937b-adaf51dd5ca7","2025-03-29 17:13:07",1
"Rick Riordan's Website","http://www.rickriordan.com/",305,"a2bec9ef-28a6-41cb-937b-adaf51dd5ca7","2025-03-29 17:13:07","a2bec9ef-28a6-41cb-937b-adaf51dd5ca7","2025-03-29 17:13:07",1
"Author's Website","http://erinmorgenstern.com/",306,"a2bec9ef-28a6-41cb-937b-adaf51dd5ca7","2025-03-29 17:13:07","a2bec9ef-28a6-41cb-937b-adaf51dd5ca7","2025-03-29 17:13:07",1
"Wikipedia","https://en.wikipedia.org/wiki/Erin_Morgenstern",306,"a2bec9ef-28a6-41cb-937b-adaf51dd5ca7","2025-03-29 17:13:07","a2bec9ef-28a6-41cb-937b-adaf51dd5ca7","2025-03-29 17:13:07",1
