author_id,work_id,created_by,created_at,last_modified_by,last_modified_at,revision
1,79,"a2bec9ef-28a6-41cb-937b-adaf51dd5ca7","2025-03-29 17:13:07","a2bec9ef-28a6-41cb-937b-adaf51dd5ca7","2025-03-29 17:13:07",1
2,327,"a2bec9ef-28a6-41cb-937b-adaf51dd5ca7","2025-03-29 17:13:07","a2bec9ef-28a6-41cb-937b-adaf51dd5ca7","2025-03-29 17:13:07",1
3,86,"a2bec9ef-28a6-41cb-937b-adaf51dd5ca7","2025-03-29 17:13:07","a2bec9ef-28a6-41cb-937b-adaf51dd5ca7","2025-03-29 17:13:07",1
4,157,"a2bec9ef-28a6-41cb-937b-adaf51dd5ca7","2025-03-29 17:13:07","a2bec9ef-28a6-41cb-937b-adaf51dd5ca7","2025-03-29 17:13:07",1
5,173,"a2bec9ef-28a6-41cb-937b-adaf51dd5ca7","2025-03-29 17:13:07","a2bec9ef-28a6-41cb-937b-adaf51dd5ca7","2025-03-29 17:13:07",1
6,129,"a2bec9ef-28a6-41cb-937b-adaf51dd5ca7","2025-03-29 17:13:07","a2bec9ef-28a6-41cb-937b-adaf51dd5ca7","2025-03-29 17:13:07",1
6,169,"a2bec9ef-28a6-41cb-937b-adaf51dd5ca7","2025-03-29 17:13:07","a2bec9ef-28a6-41cb-937b-adaf51dd5ca7","2025-03-29 17:13:07",1
7,281,"a2bec9ef-28a6-41cb-937b-adaf51dd5ca7","2025-03-29 17:13:07","a2bec9ef-28a6-41cb-937b-adaf51dd5ca7","2025-03-29 17:13:07",1
8,14,"a2bec9ef-28a6-41cb-937b-adaf51dd5ca7","2025-03-29 17:13:07","a2bec9ef-28a6-41cb-937b-adaf51dd5ca7","2025-03-29 17:13:07",1
9,177,"a2bec9ef-28a6-41cb-937b-adaf51dd5ca7","2025-03-29 17:13:07","a2bec9ef-28a6-41cb-937b-adaf51dd5ca7","2025-03-29 17:13:07",1
10,191,"a2bec9ef-28a6-41cb-937b-adaf51dd5ca7","2025-03-29 17:13:07","a2bec9ef-28a6-41cb-937b-adaf51dd5ca7","2025-03-29 17:13:07",1
11,313,"a2bec9ef-28a6-41cb-937b-adaf51dd5ca7","2025-03-29 17:13:07","a2bec9ef-28a6-41cb-937b-adaf51dd5ca7","2025-03-29 17:13:07",1
12,155,"a2bec9ef-28a6-41cb-937b-adaf51dd5ca7","2025-03-29 17:13:07","a2bec9ef-28a6-41cb-937b-adaf51dd5ca7","2025-03-29 17:13:07",1
13,185,"a2bec9ef-28a6-41cb-937b-adaf51dd5ca7","2025-03-29 17:13:07","a2bec9ef-28a6-41cb-937b-adaf51dd5ca7","2025-03-29 17:13:07",1
14,93,"a2bec9ef-28a6-41cb-937b-adaf51dd5ca7","2025-03-29 17:13:07","a2bec9ef-28a6-41cb-937b-adaf51dd5ca7","2025-03-29 17:13:07",1
15,22,"a2bec9ef-28a6-41cb-937b-adaf51dd5ca7","2025-03-29 17:13:07","a2bec9ef-28a6-41cb-937b-adaf51dd5ca7","2025-03-29 17:13:07",1
16,42,"a2bec9ef-28a6-41cb-937b-adaf51dd5ca7","2025-03-29 17:13:07","a2bec9ef-28a6-41cb-937b-adaf51dd5ca7","2025-03-29 17:13:07",1
16,57,"a2bec9ef-28a6-41cb-937b-adaf51dd5ca7","2025-03-29 17:13:07","a2bec9ef-28a6-41cb-937b-adaf51dd5ca7","2025-03-29 17:13:07",1
16,160,"a2bec9ef-28a6-41cb-937b-adaf51dd5ca7","2025-03-29 17:13:07","a2bec9ef-28a6-41cb-937b-adaf51dd5ca7","2025-03-29 17:13:07",1
16,292,"a2bec9ef-28a6-41cb-937b-adaf51dd5ca7","2025-03-29 17:13:07","a2bec9ef-28a6-41cb-937b-adaf51dd5ca7","2025-03-29 17:13:07",1
16,331,"a2bec9ef-28a6-41cb-937b-adaf51dd5ca7","2025-03-29 17:13:07","a2bec9ef-28a6-41cb-937b-adaf51dd5ca7","2025-03-29 17:13:07",1
17,5,"a2bec9ef-28a6-41cb-937b-adaf51dd5ca7","2025-03-29 17:13:07","a2bec9ef-28a6-41cb-937b-adaf51dd5ca7","2025-03-29 17:13:07",1
17,15,"a2bec9ef-28a6-41cb-937b-adaf51dd5ca7","2025-03-29 17:13:07","a2bec9ef-28a6-41cb-937b-adaf51dd5ca7","2025-03-29 17:13:07",1
17,23,"a2bec9ef-28a6-41cb-937b-adaf51dd5ca7","2025-03-29 17:13:07","a2bec9ef-28a6-41cb-937b-adaf51dd5ca7","2025-03-29 17:13:07",1
17,34,"a2bec9ef-28a6-41cb-937b-adaf51dd5ca7","2025-03-29 17:13:07","a2bec9ef-28a6-41cb-937b-adaf51dd5ca7","2025-03-29 17:13:07",1
17,88,"a2bec9ef-28a6-41cb-937b-adaf51dd5ca7","2025-03-29 17:13:07","a2bec9ef-28a6-41cb-937b-adaf51dd5ca7","2025-03-29 17:13:07",1
17,195,"a2bec9ef-28a6-41cb-937b-adaf51dd5ca7","2025-03-29 17:13:07","a2bec9ef-28a6-41cb-937b-adaf51dd5ca7","2025-03-29 17:13:07",1
17,298,"a2bec9ef-28a6-41cb-937b-adaf51dd5ca7","2025-03-29 17:13:07","a2bec9ef-28a6-41cb-937b-adaf51dd5ca7","2025-03-29 17:13:07",1
17,312,"a2bec9ef-28a6-41cb-937b-adaf51dd5ca7","2025-03-29 17:13:07","a2bec9ef-28a6-41cb-937b-adaf51dd5ca7","2025-03-29 17:13:07",1
17,330,"a2bec9ef-28a6-41cb-937b-adaf51dd5ca7","2025-03-29 17:13:07","a2bec9ef-28a6-41cb-937b-adaf51dd5ca7","2025-03-29 17:13:07",1
18,287,"a2bec9ef-28a6-41cb-937b-adaf51dd5ca7","2025-03-29 17:13:07","a2bec9ef-28a6-41cb-937b-adaf51dd5ca7","2025-03-29 17:13:07",1
19,4,"a2bec9ef-28a6-41cb-937b-adaf51dd5ca7","2025-03-29 17:13:07","a2bec9ef-28a6-41cb-937b-adaf51dd5ca7","2025-03-29 17:13:07",1
20,37,"a2bec9ef-28a6-41cb-937b-adaf51dd5ca7","2025-03-29 17:13:07","a2bec9ef-28a6-41cb-937b-adaf51dd5ca7","2025-03-29 17:13:07",1
21,176,"a2bec9ef-28a6-41cb-937b-adaf51dd5ca7","2025-03-29 17:13:07","a2bec9ef-28a6-41cb-937b-adaf51dd5ca7","2025-03-29 17:13:07",1
22,279,"a2bec9ef-28a6-41cb-937b-adaf51dd5ca7","2025-03-29 17:13:07","a2bec9ef-28a6-41cb-937b-adaf51dd5ca7","2025-03-29 17:13:07",1
23,183,"a2bec9ef-28a6-41cb-937b-adaf51dd5ca7","2025-03-29 17:13:07","a2bec9ef-28a6-41cb-937b-adaf51dd5ca7","2025-03-29 17:13:07",1
24,131,"a2bec9ef-28a6-41cb-937b-adaf51dd5ca7","2025-03-29 17:13:07","a2bec9ef-28a6-41cb-937b-adaf51dd5ca7","2025-03-29 17:13:07",1
25,141,"a2bec9ef-28a6-41cb-937b-adaf51dd5ca7","2025-03-29 17:13:07","a2bec9ef-28a6-41cb-937b-adaf51dd5ca7","2025-03-29 17:13:07",1
26,114,"a2bec9ef-28a6-41cb-937b-adaf51dd5ca7","2025-03-29 17:13:07","a2bec9ef-28a6-41cb-937b-adaf51dd5ca7","2025-03-29 17:13:07",1
27,213,"a2bec9ef-28a6-41cb-937b-adaf51dd5ca7","2025-03-29 17:13:07","a2bec9ef-28a6-41cb-937b-adaf51dd5ca7","2025-03-29 17:13:07",1
28,222,"a2bec9ef-28a6-41cb-937b-adaf51dd5ca7","2025-03-29 17:13:07","a2bec9ef-28a6-41cb-937b-adaf51dd5ca7","2025-03-29 17:13:07",1
29,193,"a2bec9ef-28a6-41cb-937b-adaf51dd5ca7","2025-03-29 17:13:07","a2bec9ef-28a6-41cb-937b-adaf51dd5ca7","2025-03-29 17:13:07",1
30,144,"a2bec9ef-28a6-41cb-937b-adaf51dd5ca7","2025-03-29 17:13:07","a2bec9ef-28a6-41cb-937b-adaf51dd5ca7","2025-03-29 17:13:07",1
31,326,"a2bec9ef-28a6-41cb-937b-adaf51dd5ca7","2025-03-29 17:13:07","a2bec9ef-28a6-41cb-937b-adaf51dd5ca7","2025-03-29 17:13:07",1
32,13,"a2bec9ef-28a6-41cb-937b-adaf51dd5ca7","2025-03-29 17:13:07","a2bec9ef-28a6-41cb-937b-adaf51dd5ca7","2025-03-29 17:13:07",1
33,340,"a2bec9ef-28a6-41cb-937b-adaf51dd5ca7","2025-03-29 17:13:07","a2bec9ef-28a6-41cb-937b-adaf51dd5ca7","2025-03-29 17:13:07",1
34,82,"a2bec9ef-28a6-41cb-937b-adaf51dd5ca7","2025-03-29 17:13:07","a2bec9ef-28a6-41cb-937b-adaf51dd5ca7","2025-03-29 17:13:07",1
35,92,"a2bec9ef-28a6-41cb-937b-adaf51dd5ca7","2025-03-29 17:13:07","a2bec9ef-28a6-41cb-937b-adaf51dd5ca7","2025-03-29 17:13:07",1
35,286,"a2bec9ef-28a6-41cb-937b-adaf51dd5ca7","2025-03-29 17:13:07","a2bec9ef-28a6-41cb-937b-adaf51dd5ca7","2025-03-29 17:13:07",1
36,277,"a2bec9ef-28a6-41cb-937b-adaf51dd5ca7","2025-03-29 17:13:07","a2bec9ef-28a6-41cb-937b-adaf51dd5ca7","2025-03-29 17:13:07",1
37,154,"a2bec9ef-28a6-41cb-937b-adaf51dd5ca7","2025-03-29 17:13:07","a2bec9ef-28a6-41cb-937b-adaf51dd5ca7","2025-03-29 17:13:07",1
38,60,"a2bec9ef-28a6-41cb-937b-adaf51dd5ca7","2025-03-29 17:13:07","a2bec9ef-28a6-41cb-937b-adaf51dd5ca7","2025-03-29 17:13:07",1
39,139,"a2bec9ef-28a6-41cb-937b-adaf51dd5ca7","2025-03-29 17:13:07","a2bec9ef-28a6-41cb-937b-adaf51dd5ca7","2025-03-29 17:13:07",1
40,216,"a2bec9ef-28a6-41cb-937b-adaf51dd5ca7","2025-03-29 17:13:07","a2bec9ef-28a6-41cb-937b-adaf51dd5ca7","2025-03-29 17:13:07",1
41,197,"a2bec9ef-28a6-41cb-937b-adaf51dd5ca7","2025-03-29 17:13:07","a2bec9ef-28a6-41cb-937b-adaf51dd5ca7","2025-03-29 17:13:07",1
42,325,"a2bec9ef-28a6-41cb-937b-adaf51dd5ca7","2025-03-29 17:13:07","a2bec9ef-28a6-41cb-937b-adaf51dd5ca7","2025-03-29 17:13:07",1
43,29,"a2bec9ef-28a6-41cb-937b-adaf51dd5ca7","2025-03-29 17:13:07","a2bec9ef-28a6-41cb-937b-adaf51dd5ca7","2025-03-29 17:13:07",1
43,65,"a2bec9ef-28a6-41cb-937b-adaf51dd5ca7","2025-03-29 17:13:07","a2bec9ef-28a6-41cb-937b-adaf51dd5ca7","2025-03-29 17:13:07",1
43,74,"a2bec9ef-28a6-41cb-937b-adaf51dd5ca7","2025-03-29 17:13:07","a2bec9ef-28a6-41cb-937b-adaf51dd5ca7","2025-03-29 17:13:07",1
43,101,"a2bec9ef-28a6-41cb-937b-adaf51dd5ca7","2025-03-29 17:13:07","a2bec9ef-28a6-41cb-937b-adaf51dd5ca7","2025-03-29 17:13:07",1
43,115,"a2bec9ef-28a6-41cb-937b-adaf51dd5ca7","2025-03-29 17:13:07","a2bec9ef-28a6-41cb-937b-adaf51dd5ca7","2025-03-29 17:13:07",1
43,140,"a2bec9ef-28a6-41cb-937b-adaf51dd5ca7","2025-03-29 17:13:07","a2bec9ef-28a6-41cb-937b-adaf51dd5ca7","2025-03-29 17:13:07",1
43,190,"a2bec9ef-28a6-41cb-937b-adaf51dd5ca7","2025-03-29 17:13:07","a2bec9ef-28a6-41cb-937b-adaf51dd5ca7","2025-03-29 17:13:07",1
43,194,"a2bec9ef-28a6-41cb-937b-adaf51dd5ca7","2025-03-29 17:13:07","a2bec9ef-28a6-41cb-937b-adaf51dd5ca7","2025-03-29 17:13:07",1
43,230,"a2bec9ef-28a6-41cb-937b-adaf51dd5ca7","2025-03-29 17:13:07","a2bec9ef-28a6-41cb-937b-adaf51dd5ca7","2025-03-29 17:13:07",1
43,262,"a2bec9ef-28a6-41cb-937b-adaf51dd5ca7","2025-03-29 17:13:07","a2bec9ef-28a6-41cb-937b-adaf51dd5ca7","2025-03-29 17:13:07",1
43,317,"a2bec9ef-28a6-41cb-937b-adaf51dd5ca7","2025-03-29 17:13:07","a2bec9ef-28a6-41cb-937b-adaf51dd5ca7","2025-03-29 17:13:07",1
43,324,"a2bec9ef-28a6-41cb-937b-adaf51dd5ca7","2025-03-29 17:13:07","a2bec9ef-28a6-41cb-937b-adaf51dd5ca7","2025-03-29 17:13:07",1
44,155,"a2bec9ef-28a6-41cb-937b-adaf51dd5ca7","2025-03-29 17:13:07","a2bec9ef-28a6-41cb-937b-adaf51dd5ca7","2025-03-29 17:13:07",1
45,38,"a2bec9ef-28a6-41cb-937b-adaf51dd5ca7","2025-03-29 17:13:07","a2bec9ef-28a6-41cb-937b-adaf51dd5ca7","2025-03-29 17:13:07",1
45,71,"a2bec9ef-28a6-41cb-937b-adaf51dd5ca7","2025-03-29 17:13:07","a2bec9ef-28a6-41cb-937b-adaf51dd5ca7","2025-03-29 17:13:07",1
45,214,"a2bec9ef-28a6-41cb-937b-adaf51dd5ca7","2025-03-29 17:13:07","a2bec9ef-28a6-41cb-937b-adaf51dd5ca7","2025-03-29 17:13:07",1
45,248,"a2bec9ef-28a6-41cb-937b-adaf51dd5ca7","2025-03-29 17:13:07","a2bec9ef-28a6-41cb-937b-adaf51dd5ca7","2025-03-29 17:13:07",1
46,328,"a2bec9ef-28a6-41cb-937b-adaf51dd5ca7","2025-03-29 17:13:07","a2bec9ef-28a6-41cb-937b-adaf51dd5ca7","2025-03-29 17:13:07",1
47,188,"a2bec9ef-28a6-41cb-937b-adaf51dd5ca7","2025-03-29 17:13:07","a2bec9ef-28a6-41cb-937b-adaf51dd5ca7","2025-03-29 17:13:07",1
48,239,"a2bec9ef-28a6-41cb-937b-adaf51dd5ca7","2025-03-29 17:13:07","a2bec9ef-28a6-41cb-937b-adaf51dd5ca7","2025-03-29 17:13:07",1
49,200,"a2bec9ef-28a6-41cb-937b-adaf51dd5ca7","2025-03-29 17:13:07","a2bec9ef-28a6-41cb-937b-adaf51dd5ca7","2025-03-29 17:13:07",1
50,328,"a2bec9ef-28a6-41cb-937b-adaf51dd5ca7","2025-03-29 17:13:07","a2bec9ef-28a6-41cb-937b-adaf51dd5ca7","2025-03-29 17:13:07",1
51,296,"a2bec9ef-28a6-41cb-937b-adaf51dd5ca7","2025-03-29 17:13:07","a2bec9ef-28a6-41cb-937b-adaf51dd5ca7","2025-03-29 17:13:07",1
52,318,"a2bec9ef-28a6-41cb-937b-adaf51dd5ca7","2025-03-29 17:13:07","a2bec9ef-28a6-41cb-937b-adaf51dd5ca7","2025-03-29 17:13:07",1
53,87,"a2bec9ef-28a6-41cb-937b-adaf51dd5ca7","2025-03-29 17:13:07","a2bec9ef-28a6-41cb-937b-adaf51dd5ca7","2025-03-29 17:13:07",1
54,253,"a2bec9ef-28a6-41cb-937b-adaf51dd5ca7","2025-03-29 17:13:07","a2bec9ef-28a6-41cb-937b-adaf51dd5ca7","2025-03-29 17:13:07",1
55,273,"a2bec9ef-28a6-41cb-937b-adaf51dd5ca7","2025-03-29 17:13:07","a2bec9ef-28a6-41cb-937b-adaf51dd5ca7","2025-03-29 17:13:07",1
56,266,"a2bec9ef-28a6-41cb-937b-adaf51dd5ca7","2025-03-29 17:13:07","a2bec9ef-28a6-41cb-937b-adaf51dd5ca7","2025-03-29 17:13:07",1
57,67,"a2bec9ef-28a6-41cb-937b-adaf51dd5ca7","2025-03-29 17:13:07","a2bec9ef-28a6-41cb-937b-adaf51dd5ca7","2025-03-29 17:13:07",1
58,16,"a2bec9ef-28a6-41cb-937b-adaf51dd5ca7","2025-03-29 17:13:07","a2bec9ef-28a6-41cb-937b-adaf51dd5ca7","2025-03-29 17:13:07",1
59,339,"a2bec9ef-28a6-41cb-937b-adaf51dd5ca7","2025-03-29 17:13:07","a2bec9ef-28a6-41cb-937b-adaf51dd5ca7","2025-03-29 17:13:07",1
60,79,"a2bec9ef-28a6-41cb-937b-adaf51dd5ca7","2025-03-29 17:13:07","a2bec9ef-28a6-41cb-937b-adaf51dd5ca7","2025-03-29 17:13:07",1
61,50,"a2bec9ef-28a6-41cb-937b-adaf51dd5ca7","2025-03-29 17:13:07","a2bec9ef-28a6-41cb-937b-adaf51dd5ca7","2025-03-29 17:13:07",1
62,49,"a2bec9ef-28a6-41cb-937b-adaf51dd5ca7","2025-03-29 17:13:07","a2bec9ef-28a6-41cb-937b-adaf51dd5ca7","2025-03-29 17:13:07",1
62,62,"a2bec9ef-28a6-41cb-937b-adaf51dd5ca7","2025-03-29 17:13:07","a2bec9ef-28a6-41cb-937b-adaf51dd5ca7","2025-03-29 17:13:07",1
62,107,"a2bec9ef-28a6-41cb-937b-adaf51dd5ca7","2025-03-29 17:13:07","a2bec9ef-28a6-41cb-937b-adaf51dd5ca7","2025-03-29 17:13:07",1
62,116,"a2bec9ef-28a6-41cb-937b-adaf51dd5ca7","2025-03-29 17:13:07","a2bec9ef-28a6-41cb-937b-adaf51dd5ca7","2025-03-29 17:13:07",1
63,124,"a2bec9ef-28a6-41cb-937b-adaf51dd5ca7","2025-03-29 17:13:07","a2bec9ef-28a6-41cb-937b-adaf51dd5ca7","2025-03-29 17:13:07",1
63,289,"a2bec9ef-28a6-41cb-937b-adaf51dd5ca7","2025-03-29 17:13:07","a2bec9ef-28a6-41cb-937b-adaf51dd5ca7","2025-03-29 17:13:07",1
64,106,"a2bec9ef-28a6-41cb-937b-adaf51dd5ca7","2025-03-29 17:13:07","a2bec9ef-28a6-41cb-937b-adaf51dd5ca7","2025-03-29 17:13:07",1
65,72,"a2bec9ef-28a6-41cb-937b-adaf51dd5ca7","2025-03-29 17:13:07","a2bec9ef-28a6-41cb-937b-adaf51dd5ca7","2025-03-29 17:13:07",1
66,288,"a2bec9ef-28a6-41cb-937b-adaf51dd5ca7","2025-03-29 17:13:07","a2bec9ef-28a6-41cb-937b-adaf51dd5ca7","2025-03-29 17:13:07",1
67,66,"a2bec9ef-28a6-41cb-937b-adaf51dd5ca7","2025-03-29 17:13:07","a2bec9ef-28a6-41cb-937b-adaf51dd5ca7","2025-03-29 17:13:07",1
68,41,"a2bec9ef-28a6-41cb-937b-adaf51dd5ca7","2025-03-29 17:13:07","a2bec9ef-28a6-41cb-937b-adaf51dd5ca7","2025-03-29 17:13:07",1
69,254,"a2bec9ef-28a6-41cb-937b-adaf51dd5ca7","2025-03-29 17:13:07","a2bec9ef-28a6-41cb-937b-adaf51dd5ca7","2025-03-29 17:13:07",1
70,258,"a2bec9ef-28a6-41cb-937b-adaf51dd5ca7","2025-03-29 17:13:07","a2bec9ef-28a6-41cb-937b-adaf51dd5ca7","2025-03-29 17:13:07",1
71,52,"a2bec9ef-28a6-41cb-937b-adaf51dd5ca7","2025-03-29 17:13:07","a2bec9ef-28a6-41cb-937b-adaf51dd5ca7","2025-03-29 17:13:07",1
72,25,"a2bec9ef-28a6-41cb-937b-adaf51dd5ca7","2025-03-29 17:13:07","a2bec9ef-28a6-41cb-937b-adaf51dd5ca7","2025-03-29 17:13:07",1
73,237,"a2bec9ef-28a6-41cb-937b-adaf51dd5ca7","2025-03-29 17:13:07","a2bec9ef-28a6-41cb-937b-adaf51dd5ca7","2025-03-29 17:13:07",1
74,270,"a2bec9ef-28a6-41cb-937b-adaf51dd5ca7","2025-03-29 17:13:07","a2bec9ef-28a6-41cb-937b-adaf51dd5ca7","2025-03-29 17:13:07",1
75,79,"a2bec9ef-28a6-41cb-937b-adaf51dd5ca7","2025-03-29 17:13:07","a2bec9ef-28a6-41cb-937b-adaf51dd5ca7","2025-03-29 17:13:07",1
76,310,"a2bec9ef-28a6-41cb-937b-adaf51dd5ca7","2025-03-29 17:13:07","a2bec9ef-28a6-41cb-937b-adaf51dd5ca7","2025-03-29 17:13:07",1
77,335,"a2bec9ef-28a6-41cb-937b-adaf51dd5ca7","2025-03-29 17:13:07","a2bec9ef-28a6-41cb-937b-adaf51dd5ca7","2025-03-29 17:13:07",1
78,229,"a2bec9ef-28a6-41cb-937b-adaf51dd5ca7","2025-03-29 17:13:07","a2bec9ef-28a6-41cb-937b-adaf51dd5ca7","2025-03-29 17:13:07",1
78,235,"a2bec9ef-28a6-41cb-937b-adaf51dd5ca7","2025-03-29 17:13:07","a2bec9ef-28a6-41cb-937b-adaf51dd5ca7","2025-03-29 17:13:07",1
79,209,"a2bec9ef-28a6-41cb-937b-adaf51dd5ca7","2025-03-29 17:13:07","a2bec9ef-28a6-41cb-937b-adaf51dd5ca7","2025-03-29 17:13:07",1
80,290,"a2bec9ef-28a6-41cb-937b-adaf51dd5ca7","2025-03-29 17:13:07","a2bec9ef-28a6-41cb-937b-adaf51dd5ca7","2025-03-29 17:13:07",1
81,37,"a2bec9ef-28a6-41cb-937b-adaf51dd5ca7","2025-03-29 17:13:07","a2bec9ef-28a6-41cb-937b-adaf51dd5ca7","2025-03-29 17:13:07",1
82,14,"a2bec9ef-28a6-41cb-937b-adaf51dd5ca7","2025-03-29 17:13:07","a2bec9ef-28a6-41cb-937b-adaf51dd5ca7","2025-03-29 17:13:07",1
83,95,"a2bec9ef-28a6-41cb-937b-adaf51dd5ca7","2025-03-29 17:13:07","a2bec9ef-28a6-41cb-937b-adaf51dd5ca7","2025-03-29 17:13:07",1
84,336,"a2bec9ef-28a6-41cb-937b-adaf51dd5ca7","2025-03-29 17:13:07","a2bec9ef-28a6-41cb-937b-adaf51dd5ca7","2025-03-29 17:13:07",1
85,80,"a2bec9ef-28a6-41cb-937b-adaf51dd5ca7","2025-03-29 17:13:07","a2bec9ef-28a6-41cb-937b-adaf51dd5ca7","2025-03-29 17:13:07",1
86,340,"a2bec9ef-28a6-41cb-937b-adaf51dd5ca7","2025-03-29 17:13:07","a2bec9ef-28a6-41cb-937b-adaf51dd5ca7","2025-03-29 17:13:07",1
87,85,"a2bec9ef-28a6-41cb-937b-adaf51dd5ca7","2025-03-29 17:13:07","a2bec9ef-28a6-41cb-937b-adaf51dd5ca7","2025-03-29 17:13:07",1
88,175,"a2bec9ef-28a6-41cb-937b-adaf51dd5ca7","2025-03-29 17:13:07","a2bec9ef-28a6-41cb-937b-adaf51dd5ca7","2025-03-29 17:13:07",1
89,340,"a2bec9ef-28a6-41cb-937b-adaf51dd5ca7","2025-03-29 17:13:07","a2bec9ef-28a6-41cb-937b-adaf51dd5ca7","2025-03-29 17:13:07",1
90,260,"a2bec9ef-28a6-41cb-937b-adaf51dd5ca7","2025-03-29 17:13:07","a2bec9ef-28a6-41cb-937b-adaf51dd5ca7","2025-03-29 17:13:07",1
91,235,"a2bec9ef-28a6-41cb-937b-adaf51dd5ca7","2025-03-29 17:13:07","a2bec9ef-28a6-41cb-937b-adaf51dd5ca7","2025-03-29 17:13:07",1
92,130,"a2bec9ef-28a6-41cb-937b-adaf51dd5ca7","2025-03-29 17:13:07","a2bec9ef-28a6-41cb-937b-adaf51dd5ca7","2025-03-29 17:13:07",1
93,219,"a2bec9ef-28a6-41cb-937b-adaf51dd5ca7","2025-03-29 17:13:07","a2bec9ef-28a6-41cb-937b-adaf51dd5ca7","2025-03-29 17:13:07",1
94,256,"a2bec9ef-28a6-41cb-937b-adaf51dd5ca7","2025-03-29 17:13:07","a2bec9ef-28a6-41cb-937b-adaf51dd5ca7","2025-03-29 17:13:07",1
95,13,"a2bec9ef-28a6-41cb-937b-adaf51dd5ca7","2025-03-29 17:13:07","a2bec9ef-28a6-41cb-937b-adaf51dd5ca7","2025-03-29 17:13:07",1
96,172,"a2bec9ef-28a6-41cb-937b-adaf51dd5ca7","2025-03-29 17:13:07","a2bec9ef-28a6-41cb-937b-adaf51dd5ca7","2025-03-29 17:13:07",1
96,187,"a2bec9ef-28a6-41cb-937b-adaf51dd5ca7","2025-03-29 17:13:07","a2bec9ef-28a6-41cb-937b-adaf51dd5ca7","2025-03-29 17:13:07",1
96,224,"a2bec9ef-28a6-41cb-937b-adaf51dd5ca7","2025-03-29 17:13:07","a2bec9ef-28a6-41cb-937b-adaf51dd5ca7","2025-03-29 17:13:07",1
96,282,"a2bec9ef-28a6-41cb-937b-adaf51dd5ca7","2025-03-29 17:13:07","a2bec9ef-28a6-41cb-937b-adaf51dd5ca7","2025-03-29 17:13:07",1
96,309,"a2bec9ef-28a6-41cb-937b-adaf51dd5ca7","2025-03-29 17:13:07","a2bec9ef-28a6-41cb-937b-adaf51dd5ca7","2025-03-29 17:13:07",1
97,39,"a2bec9ef-28a6-41cb-937b-adaf51dd5ca7","2025-03-29 17:13:07","a2bec9ef-28a6-41cb-937b-adaf51dd5ca7","2025-03-29 17:13:07",1
97,55,"a2bec9ef-28a6-41cb-937b-adaf51dd5ca7","2025-03-29 17:13:07","a2bec9ef-28a6-41cb-937b-adaf51dd5ca7","2025-03-29 17:13:07",1
98,170,"a2bec9ef-28a6-41cb-937b-adaf51dd5ca7","2025-03-29 17:13:07","a2bec9ef-28a6-41cb-937b-adaf51dd5ca7","2025-03-29 17:13:07",1
99,114,"a2bec9ef-28a6-41cb-937b-adaf51dd5ca7","2025-03-29 17:13:07","a2bec9ef-28a6-41cb-937b-adaf51dd5ca7","2025-03-29 17:13:07",1
100,109,"a2bec9ef-28a6-41cb-937b-adaf51dd5ca7","2025-03-29 17:13:07","a2bec9ef-28a6-41cb-937b-adaf51dd5ca7","2025-03-29 17:13:07",1
100,125,"a2bec9ef-28a6-41cb-937b-adaf51dd5ca7","2025-03-29 17:13:07","a2bec9ef-28a6-41cb-937b-adaf51dd5ca7","2025-03-29 17:13:07",1
100,198,"a2bec9ef-28a6-41cb-937b-adaf51dd5ca7","2025-03-29 17:13:07","a2bec9ef-28a6-41cb-937b-adaf51dd5ca7","2025-03-29 17:13:07",1
101,151,"a2bec9ef-28a6-41cb-937b-adaf51dd5ca7","2025-03-29 17:13:07","a2bec9ef-28a6-41cb-937b-adaf51dd5ca7","2025-03-29 17:13:07",1
102,127,"a2bec9ef-28a6-41cb-937b-adaf51dd5ca7","2025-03-29 17:13:07","a2bec9ef-28a6-41cb-937b-adaf51dd5ca7","2025-03-29 17:13:07",1
103,53,"a2bec9ef-28a6-41cb-937b-adaf51dd5ca7","2025-03-29 17:13:07","a2bec9ef-28a6-41cb-937b-adaf51dd5ca7","2025-03-29 17:13:07",1
104,226,"a2bec9ef-28a6-41cb-937b-adaf51dd5ca7","2025-03-29 17:13:07","a2bec9ef-28a6-41cb-937b-adaf51dd5ca7","2025-03-29 17:13:07",1
105,13,"a2bec9ef-28a6-41cb-937b-adaf51dd5ca7","2025-03-29 17:13:07","a2bec9ef-28a6-41cb-937b-adaf51dd5ca7","2025-03-29 17:13:07",1
106,251,"a2bec9ef-28a6-41cb-937b-adaf51dd5ca7","2025-03-29 17:13:07","a2bec9ef-28a6-41cb-937b-adaf51dd5ca7","2025-03-29 17:13:07",1
107,3,"a2bec9ef-28a6-41cb-937b-adaf51dd5ca7","2025-03-29 17:13:07","a2bec9ef-28a6-41cb-937b-adaf51dd5ca7","2025-03-29 17:13:07",1
108,43,"a2bec9ef-28a6-41cb-937b-adaf51dd5ca7","2025-03-29 17:13:07","a2bec9ef-28a6-41cb-937b-adaf51dd5ca7","2025-03-29 17:13:07",1
108,139,"a2bec9ef-28a6-41cb-937b-adaf51dd5ca7","2025-03-29 17:13:07","a2bec9ef-28a6-41cb-937b-adaf51dd5ca7","2025-03-29 17:13:07",1
109,81,"a2bec9ef-28a6-41cb-937b-adaf51dd5ca7","2025-03-29 17:13:07","a2bec9ef-28a6-41cb-937b-adaf51dd5ca7","2025-03-29 17:13:07",1
110,192,"a2bec9ef-28a6-41cb-937b-adaf51dd5ca7","2025-03-29 17:13:07","a2bec9ef-28a6-41cb-937b-adaf51dd5ca7","2025-03-29 17:13:07",1
111,301,"a2bec9ef-28a6-41cb-937b-adaf51dd5ca7","2025-03-29 17:13:07","a2bec9ef-28a6-41cb-937b-adaf51dd5ca7","2025-03-29 17:13:07",1
112,174,"a2bec9ef-28a6-41cb-937b-adaf51dd5ca7","2025-03-29 17:13:07","a2bec9ef-28a6-41cb-937b-adaf51dd5ca7","2025-03-29 17:13:07",1
113,32,"a2bec9ef-28a6-41cb-937b-adaf51dd5ca7","2025-03-29 17:13:07","a2bec9ef-28a6-41cb-937b-adaf51dd5ca7","2025-03-29 17:13:07",1
114,227,"a2bec9ef-28a6-41cb-937b-adaf51dd5ca7","2025-03-29 17:13:07","a2bec9ef-28a6-41cb-937b-adaf51dd5ca7","2025-03-29 17:13:07",1
115,73,"a2bec9ef-28a6-41cb-937b-adaf51dd5ca7","2025-03-29 17:13:07","a2bec9ef-28a6-41cb-937b-adaf51dd5ca7","2025-03-29 17:13:07",1
115,243,"a2bec9ef-28a6-41cb-937b-adaf51dd5ca7","2025-03-29 17:13:07","a2bec9ef-28a6-41cb-937b-adaf51dd5ca7","2025-03-29 17:13:07",1
115,252,"a2bec9ef-28a6-41cb-937b-adaf51dd5ca7","2025-03-29 17:13:07","a2bec9ef-28a6-41cb-937b-adaf51dd5ca7","2025-03-29 17:13:07",1
116,244,"a2bec9ef-28a6-41cb-937b-adaf51dd5ca7","2025-03-29 17:13:07","a2bec9ef-28a6-41cb-937b-adaf51dd5ca7","2025-03-29 17:13:07",1
117,84,"a2bec9ef-28a6-41cb-937b-adaf51dd5ca7","2025-03-29 17:13:07","a2bec9ef-28a6-41cb-937b-adaf51dd5ca7","2025-03-29 17:13:07",1
117,98,"a2bec9ef-28a6-41cb-937b-adaf51dd5ca7","2025-03-29 17:13:07","a2bec9ef-28a6-41cb-937b-adaf51dd5ca7","2025-03-29 17:13:07",1
117,111,"a2bec9ef-28a6-41cb-937b-adaf51dd5ca7","2025-03-29 17:13:07","a2bec9ef-28a6-41cb-937b-adaf51dd5ca7","2025-03-29 17:13:07",1
117,184,"a2bec9ef-28a6-41cb-937b-adaf51dd5ca7","2025-03-29 17:13:07","a2bec9ef-28a6-41cb-937b-adaf51dd5ca7","2025-03-29 17:13:07",1
117,189,"a2bec9ef-28a6-41cb-937b-adaf51dd5ca7","2025-03-29 17:13:07","a2bec9ef-28a6-41cb-937b-adaf51dd5ca7","2025-03-29 17:13:07",1
117,263,"a2bec9ef-28a6-41cb-937b-adaf51dd5ca7","2025-03-29 17:13:07","a2bec9ef-28a6-41cb-937b-adaf51dd5ca7","2025-03-29 17:13:07",1
117,332,"a2bec9ef-28a6-41cb-937b-adaf51dd5ca7","2025-03-29 17:13:07","a2bec9ef-28a6-41cb-937b-adaf51dd5ca7","2025-03-29 17:13:07",1
117,341,"a2bec9ef-28a6-41cb-937b-adaf51dd5ca7","2025-03-29 17:13:07","a2bec9ef-28a6-41cb-937b-adaf51dd5ca7","2025-03-29 17:13:07",1
118,13,"a2bec9ef-28a6-41cb-937b-adaf51dd5ca7","2025-03-29 17:13:07","a2bec9ef-28a6-41cb-937b-adaf51dd5ca7","2025-03-29 17:13:07",1
119,91,"a2bec9ef-28a6-41cb-937b-adaf51dd5ca7","2025-03-29 17:13:07","a2bec9ef-28a6-41cb-937b-adaf51dd5ca7","2025-03-29 17:13:07",1
119,145,"a2bec9ef-28a6-41cb-937b-adaf51dd5ca7","2025-03-29 17:13:07","a2bec9ef-28a6-41cb-937b-adaf51dd5ca7","2025-03-29 17:13:07",1
120,199,"a2bec9ef-28a6-41cb-937b-adaf51dd5ca7","2025-03-29 17:13:07","a2bec9ef-28a6-41cb-937b-adaf51dd5ca7","2025-03-29 17:13:07",1
121,31,"a2bec9ef-28a6-41cb-937b-adaf51dd5ca7","2025-03-29 17:13:07","a2bec9ef-28a6-41cb-937b-adaf51dd5ca7","2025-03-29 17:13:07",1
121,88,"a2bec9ef-28a6-41cb-937b-adaf51dd5ca7","2025-03-29 17:13:07","a2bec9ef-28a6-41cb-937b-adaf51dd5ca7","2025-03-29 17:13:07",1
121,119,"a2bec9ef-28a6-41cb-937b-adaf51dd5ca7","2025-03-29 17:13:07","a2bec9ef-28a6-41cb-937b-adaf51dd5ca7","2025-03-29 17:13:07",1
121,138,"a2bec9ef-28a6-41cb-937b-adaf51dd5ca7","2025-03-29 17:13:07","a2bec9ef-28a6-41cb-937b-adaf51dd5ca7","2025-03-29 17:13:07",1
122,336,"a2bec9ef-28a6-41cb-937b-adaf51dd5ca7","2025-03-29 17:13:07","a2bec9ef-28a6-41cb-937b-adaf51dd5ca7","2025-03-29 17:13:07",1
123,114,"a2bec9ef-28a6-41cb-937b-adaf51dd5ca7","2025-03-29 17:13:07","a2bec9ef-28a6-41cb-937b-adaf51dd5ca7","2025-03-29 17:13:07",1
124,120,"a2bec9ef-28a6-41cb-937b-adaf51dd5ca7","2025-03-29 17:13:07","a2bec9ef-28a6-41cb-937b-adaf51dd5ca7","2025-03-29 17:13:07",1
125,247,"a2bec9ef-28a6-41cb-937b-adaf51dd5ca7","2025-03-29 17:13:07","a2bec9ef-28a6-41cb-937b-adaf51dd5ca7","2025-03-29 17:13:07",1
126,118,"a2bec9ef-28a6-41cb-937b-adaf51dd5ca7","2025-03-29 17:13:07","a2bec9ef-28a6-41cb-937b-adaf51dd5ca7","2025-03-29 17:13:07",1
127,231,"a2bec9ef-28a6-41cb-937b-adaf51dd5ca7","2025-03-29 17:13:07","a2bec9ef-28a6-41cb-937b-adaf51dd5ca7","2025-03-29 17:13:07",1
128,153,"a2bec9ef-28a6-41cb-937b-adaf51dd5ca7","2025-03-29 17:13:07","a2bec9ef-28a6-41cb-937b-adaf51dd5ca7","2025-03-29 17:13:07",1
129,75,"a2bec9ef-28a6-41cb-937b-adaf51dd5ca7","2025-03-29 17:13:07","a2bec9ef-28a6-41cb-937b-adaf51dd5ca7","2025-03-29 17:13:07",1
129,108,"a2bec9ef-28a6-41cb-937b-adaf51dd5ca7","2025-03-29 17:13:07","a2bec9ef-28a6-41cb-937b-adaf51dd5ca7","2025-03-29 17:13:07",1
129,228,"a2bec9ef-28a6-41cb-937b-adaf51dd5ca7","2025-03-29 17:13:07","a2bec9ef-28a6-41cb-937b-adaf51dd5ca7","2025-03-29 17:13:07",1
130,269,"a2bec9ef-28a6-41cb-937b-adaf51dd5ca7","2025-03-29 17:13:07","a2bec9ef-28a6-41cb-937b-adaf51dd5ca7","2025-03-29 17:13:07",1
131,177,"a2bec9ef-28a6-41cb-937b-adaf51dd5ca7","2025-03-29 17:13:07","a2bec9ef-28a6-41cb-937b-adaf51dd5ca7","2025-03-29 17:13:07",1
132,114,"a2bec9ef-28a6-41cb-937b-adaf51dd5ca7","2025-03-29 17:13:07","a2bec9ef-28a6-41cb-937b-adaf51dd5ca7","2025-03-29 17:13:07",1
133,28,"a2bec9ef-28a6-41cb-937b-adaf51dd5ca7","2025-03-29 17:13:07","a2bec9ef-28a6-41cb-937b-adaf51dd5ca7","2025-03-29 17:13:07",1
133,46,"a2bec9ef-28a6-41cb-937b-adaf51dd5ca7","2025-03-29 17:13:07","a2bec9ef-28a6-41cb-937b-adaf51dd5ca7","2025-03-29 17:13:07",1
133,69,"a2bec9ef-28a6-41cb-937b-adaf51dd5ca7","2025-03-29 17:13:07","a2bec9ef-28a6-41cb-937b-adaf51dd5ca7","2025-03-29 17:13:07",1
133,76,"a2bec9ef-28a6-41cb-937b-adaf51dd5ca7","2025-03-29 17:13:07","a2bec9ef-28a6-41cb-937b-adaf51dd5ca7","2025-03-29 17:13:07",1
133,110,"a2bec9ef-28a6-41cb-937b-adaf51dd5ca7","2025-03-29 17:13:07","a2bec9ef-28a6-41cb-937b-adaf51dd5ca7","2025-03-29 17:13:07",1
133,156,"a2bec9ef-28a6-41cb-937b-adaf51dd5ca7","2025-03-29 17:13:07","a2bec9ef-28a6-41cb-937b-adaf51dd5ca7","2025-03-29 17:13:07",1
133,201,"a2bec9ef-28a6-41cb-937b-adaf51dd5ca7","2025-03-29 17:13:07","a2bec9ef-28a6-41cb-937b-adaf51dd5ca7","2025-03-29 17:13:07",1
133,249,"a2bec9ef-28a6-41cb-937b-adaf51dd5ca7","2025-03-29 17:13:07","a2bec9ef-28a6-41cb-937b-adaf51dd5ca7","2025-03-29 17:13:07",1
133,316,"a2bec9ef-28a6-41cb-937b-adaf51dd5ca7","2025-03-29 17:13:07","a2bec9ef-28a6-41cb-937b-adaf51dd5ca7","2025-03-29 17:13:07",1
134,177,"a2bec9ef-28a6-41cb-937b-adaf51dd5ca7","2025-03-29 17:13:07","a2bec9ef-28a6-41cb-937b-adaf51dd5ca7","2025-03-29 17:13:07",1
135,13,"a2bec9ef-28a6-41cb-937b-adaf51dd5ca7","2025-03-29 17:13:07","a2bec9ef-28a6-41cb-937b-adaf51dd5ca7","2025-03-29 17:13:07",1
136,336,"a2bec9ef-28a6-41cb-937b-adaf51dd5ca7","2025-03-29 17:13:07","a2bec9ef-28a6-41cb-937b-adaf51dd5ca7","2025-03-29 17:13:07",1
137,205,"a2bec9ef-28a6-41cb-937b-adaf51dd5ca7","2025-03-29 17:13:07","a2bec9ef-28a6-41cb-937b-adaf51dd5ca7","2025-03-29 17:13:07",1
138,207,"a2bec9ef-28a6-41cb-937b-adaf51dd5ca7","2025-03-29 17:13:07","a2bec9ef-28a6-41cb-937b-adaf51dd5ca7","2025-03-29 17:13:07",1
139,213,"a2bec9ef-28a6-41cb-937b-adaf51dd5ca7","2025-03-29 17:13:07","a2bec9ef-28a6-41cb-937b-adaf51dd5ca7","2025-03-29 17:13:07",1
140,103,"a2bec9ef-28a6-41cb-937b-adaf51dd5ca7","2025-03-29 17:13:07","a2bec9ef-28a6-41cb-937b-adaf51dd5ca7","2025-03-29 17:13:07",1
141,280,"a2bec9ef-28a6-41cb-937b-adaf51dd5ca7","2025-03-29 17:13:07","a2bec9ef-28a6-41cb-937b-adaf51dd5ca7","2025-03-29 17:13:07",1
142,236,"a2bec9ef-28a6-41cb-937b-adaf51dd5ca7","2025-03-29 17:13:07","a2bec9ef-28a6-41cb-937b-adaf51dd5ca7","2025-03-29 17:13:07",1
143,213,"a2bec9ef-28a6-41cb-937b-adaf51dd5ca7","2025-03-29 17:13:07","a2bec9ef-28a6-41cb-937b-adaf51dd5ca7","2025-03-29 17:13:07",1
144,332,"a2bec9ef-28a6-41cb-937b-adaf51dd5ca7","2025-03-29 17:13:07","a2bec9ef-28a6-41cb-937b-adaf51dd5ca7","2025-03-29 17:13:07",1
145,125,"a2bec9ef-28a6-41cb-937b-adaf51dd5ca7","2025-03-29 17:13:07","a2bec9ef-28a6-41cb-937b-adaf51dd5ca7","2025-03-29 17:13:07",1
146,61,"a2bec9ef-28a6-41cb-937b-adaf51dd5ca7","2025-03-29 17:13:07","a2bec9ef-28a6-41cb-937b-adaf51dd5ca7","2025-03-29 17:13:07",1
146,148,"a2bec9ef-28a6-41cb-937b-adaf51dd5ca7","2025-03-29 17:13:07","a2bec9ef-28a6-41cb-937b-adaf51dd5ca7","2025-03-29 17:13:07",1
146,323,"a2bec9ef-28a6-41cb-937b-adaf51dd5ca7","2025-03-29 17:13:07","a2bec9ef-28a6-41cb-937b-adaf51dd5ca7","2025-03-29 17:13:07",1
147,213,"a2bec9ef-28a6-41cb-937b-adaf51dd5ca7","2025-03-29 17:13:07","a2bec9ef-28a6-41cb-937b-adaf51dd5ca7","2025-03-29 17:13:07",1
148,20,"a2bec9ef-28a6-41cb-937b-adaf51dd5ca7","2025-03-29 17:13:07","a2bec9ef-28a6-41cb-937b-adaf51dd5ca7","2025-03-29 17:13:07",1
149,146,"a2bec9ef-28a6-41cb-937b-adaf51dd5ca7","2025-03-29 17:13:07","a2bec9ef-28a6-41cb-937b-adaf51dd5ca7","2025-03-29 17:13:07",1
150,245,"a2bec9ef-28a6-41cb-937b-adaf51dd5ca7","2025-03-29 17:13:07","a2bec9ef-28a6-41cb-937b-adaf51dd5ca7","2025-03-29 17:13:07",1
151,102,"a2bec9ef-28a6-41cb-937b-adaf51dd5ca7","2025-03-29 17:13:07","a2bec9ef-28a6-41cb-937b-adaf51dd5ca7","2025-03-29 17:13:07",1
152,166,"a2bec9ef-28a6-41cb-937b-adaf51dd5ca7","2025-03-29 17:13:07","a2bec9ef-28a6-41cb-937b-adaf51dd5ca7","2025-03-29 17:13:07",1
152,264,"a2bec9ef-28a6-41cb-937b-adaf51dd5ca7","2025-03-29 17:13:07","a2bec9ef-28a6-41cb-937b-adaf51dd5ca7","2025-03-29 17:13:07",1
153,20,"a2bec9ef-28a6-41cb-937b-adaf51dd5ca7","2025-03-29 17:13:07","a2bec9ef-28a6-41cb-937b-adaf51dd5ca7","2025-03-29 17:13:07",1
154,114,"a2bec9ef-28a6-41cb-937b-adaf51dd5ca7","2025-03-29 17:13:07","a2bec9ef-28a6-41cb-937b-adaf51dd5ca7","2025-03-29 17:13:07",1
155,58,"a2bec9ef-28a6-41cb-937b-adaf51dd5ca7","2025-03-29 17:13:07","a2bec9ef-28a6-41cb-937b-adaf51dd5ca7","2025-03-29 17:13:07",1
156,274,"a2bec9ef-28a6-41cb-937b-adaf51dd5ca7","2025-03-29 17:13:07","a2bec9ef-28a6-41cb-937b-adaf51dd5ca7","2025-03-29 17:13:07",1
157,93,"a2bec9ef-28a6-41cb-937b-adaf51dd5ca7","2025-03-29 17:13:07","a2bec9ef-28a6-41cb-937b-adaf51dd5ca7","2025-03-29 17:13:07",1
158,307,"a2bec9ef-28a6-41cb-937b-adaf51dd5ca7","2025-03-29 17:13:07","a2bec9ef-28a6-41cb-937b-adaf51dd5ca7","2025-03-29 17:13:07",1
159,147,"a2bec9ef-28a6-41cb-937b-adaf51dd5ca7","2025-03-29 17:13:07","a2bec9ef-28a6-41cb-937b-adaf51dd5ca7","2025-03-29 17:13:07",1
159,265,"a2bec9ef-28a6-41cb-937b-adaf51dd5ca7","2025-03-29 17:13:07","a2bec9ef-28a6-41cb-937b-adaf51dd5ca7","2025-03-29 17:13:07",1
160,283,"a2bec9ef-28a6-41cb-937b-adaf51dd5ca7","2025-03-29 17:13:07","a2bec9ef-28a6-41cb-937b-adaf51dd5ca7","2025-03-29 17:13:07",1
161,321,"a2bec9ef-28a6-41cb-937b-adaf51dd5ca7","2025-03-29 17:13:07","a2bec9ef-28a6-41cb-937b-adaf51dd5ca7","2025-03-29 17:13:07",1
162,114,"a2bec9ef-28a6-41cb-937b-adaf51dd5ca7","2025-03-29 17:13:07","a2bec9ef-28a6-41cb-937b-adaf51dd5ca7","2025-03-29 17:13:07",1
163,306,"a2bec9ef-28a6-41cb-937b-adaf51dd5ca7","2025-03-29 17:13:07","a2bec9ef-28a6-41cb-937b-adaf51dd5ca7","2025-03-29 17:13:07",1
164,105,"a2bec9ef-28a6-41cb-937b-adaf51dd5ca7","2025-03-29 17:13:07","a2bec9ef-28a6-41cb-937b-adaf51dd5ca7","2025-03-29 17:13:07",1
165,302,"a2bec9ef-28a6-41cb-937b-adaf51dd5ca7","2025-03-29 17:13:07","a2bec9ef-28a6-41cb-937b-adaf51dd5ca7","2025-03-29 17:13:07",1
166,1,"a2bec9ef-28a6-41cb-937b-adaf51dd5ca7","2025-03-29 17:13:07","a2bec9ef-28a6-41cb-937b-adaf51dd5ca7","2025-03-29 17:13:07",1
167,94,"a2bec9ef-28a6-41cb-937b-adaf51dd5ca7","2025-03-29 17:13:07","a2bec9ef-28a6-41cb-937b-adaf51dd5ca7","2025-03-29 17:13:07",1
167,271,"a2bec9ef-28a6-41cb-937b-adaf51dd5ca7","2025-03-29 17:13:07","a2bec9ef-28a6-41cb-937b-adaf51dd5ca7","2025-03-29 17:13:07",1
168,320,"a2bec9ef-28a6-41cb-937b-adaf51dd5ca7","2025-03-29 17:13:07","a2bec9ef-28a6-41cb-937b-adaf51dd5ca7","2025-03-29 17:13:07",1
169,36,"a2bec9ef-28a6-41cb-937b-adaf51dd5ca7","2025-03-29 17:13:07","a2bec9ef-28a6-41cb-937b-adaf51dd5ca7","2025-03-29 17:13:07",1
170,204,"a2bec9ef-28a6-41cb-937b-adaf51dd5ca7","2025-03-29 17:13:07","a2bec9ef-28a6-41cb-937b-adaf51dd5ca7","2025-03-29 17:13:07",1
171,219,"a2bec9ef-28a6-41cb-937b-adaf51dd5ca7","2025-03-29 17:13:07","a2bec9ef-28a6-41cb-937b-adaf51dd5ca7","2025-03-29 17:13:07",1
172,162,"a2bec9ef-28a6-41cb-937b-adaf51dd5ca7","2025-03-29 17:13:07","a2bec9ef-28a6-41cb-937b-adaf51dd5ca7","2025-03-29 17:13:07",1
172,186,"a2bec9ef-28a6-41cb-937b-adaf51dd5ca7","2025-03-29 17:13:07","a2bec9ef-28a6-41cb-937b-adaf51dd5ca7","2025-03-29 17:13:07",1
172,221,"a2bec9ef-28a6-41cb-937b-adaf51dd5ca7","2025-03-29 17:13:07","a2bec9ef-28a6-41cb-937b-adaf51dd5ca7","2025-03-29 17:13:07",1
172,255,"a2bec9ef-28a6-41cb-937b-adaf51dd5ca7","2025-03-29 17:13:07","a2bec9ef-28a6-41cb-937b-adaf51dd5ca7","2025-03-29 17:13:07",1
173,211,"a2bec9ef-28a6-41cb-937b-adaf51dd5ca7","2025-03-29 17:13:07","a2bec9ef-28a6-41cb-937b-adaf51dd5ca7","2025-03-29 17:13:07",1
174,306,"a2bec9ef-28a6-41cb-937b-adaf51dd5ca7","2025-03-29 17:13:07","a2bec9ef-28a6-41cb-937b-adaf51dd5ca7","2025-03-29 17:13:07",1
175,150,"a2bec9ef-28a6-41cb-937b-adaf51dd5ca7","2025-03-29 17:13:07","a2bec9ef-28a6-41cb-937b-adaf51dd5ca7","2025-03-29 17:13:07",1
175,253,"a2bec9ef-28a6-41cb-937b-adaf51dd5ca7","2025-03-29 17:13:07","a2bec9ef-28a6-41cb-937b-adaf51dd5ca7","2025-03-29 17:13:07",1
176,178,"a2bec9ef-28a6-41cb-937b-adaf51dd5ca7","2025-03-29 17:13:07","a2bec9ef-28a6-41cb-937b-adaf51dd5ca7","2025-03-29 17:13:07",1
177,149,"a2bec9ef-28a6-41cb-937b-adaf51dd5ca7","2025-03-29 17:13:07","a2bec9ef-28a6-41cb-937b-adaf51dd5ca7","2025-03-29 17:13:07",1
178,247,"a2bec9ef-28a6-41cb-937b-adaf51dd5ca7","2025-03-29 17:13:07","a2bec9ef-28a6-41cb-937b-adaf51dd5ca7","2025-03-29 17:13:07",1
179,166,"a2bec9ef-28a6-41cb-937b-adaf51dd5ca7","2025-03-29 17:13:07","a2bec9ef-28a6-41cb-937b-adaf51dd5ca7","2025-03-29 17:13:07",1
180,70,"a2bec9ef-28a6-41cb-937b-adaf51dd5ca7","2025-03-29 17:13:07","a2bec9ef-28a6-41cb-937b-adaf51dd5ca7","2025-03-29 17:13:07",1
181,137,"a2bec9ef-28a6-41cb-937b-adaf51dd5ca7","2025-03-29 17:13:07","a2bec9ef-28a6-41cb-937b-adaf51dd5ca7","2025-03-29 17:13:07",1
182,37,"a2bec9ef-28a6-41cb-937b-adaf51dd5ca7","2025-03-29 17:13:07","a2bec9ef-28a6-41cb-937b-adaf51dd5ca7","2025-03-29 17:13:07",1
183,206,"a2bec9ef-28a6-41cb-937b-adaf51dd5ca7","2025-03-29 17:13:07","a2bec9ef-28a6-41cb-937b-adaf51dd5ca7","2025-03-29 17:13:07",1
184,44,"a2bec9ef-28a6-41cb-937b-adaf51dd5ca7","2025-03-29 17:13:07","a2bec9ef-28a6-41cb-937b-adaf51dd5ca7","2025-03-29 17:13:07",1
184,99,"a2bec9ef-28a6-41cb-937b-adaf51dd5ca7","2025-03-29 17:13:07","a2bec9ef-28a6-41cb-937b-adaf51dd5ca7","2025-03-29 17:13:07",1
185,58,"a2bec9ef-28a6-41cb-937b-adaf51dd5ca7","2025-03-29 17:13:07","a2bec9ef-28a6-41cb-937b-adaf51dd5ca7","2025-03-29 17:13:07",1
186,114,"a2bec9ef-28a6-41cb-937b-adaf51dd5ca7","2025-03-29 17:13:07","a2bec9ef-28a6-41cb-937b-adaf51dd5ca7","2025-03-29 17:13:07",1
187,84,"a2bec9ef-28a6-41cb-937b-adaf51dd5ca7","2025-03-29 17:13:07","a2bec9ef-28a6-41cb-937b-adaf51dd5ca7","2025-03-29 17:13:07",1
188,78,"a2bec9ef-28a6-41cb-937b-adaf51dd5ca7","2025-03-29 17:13:07","a2bec9ef-28a6-41cb-937b-adaf51dd5ca7","2025-03-29 17:13:07",1
189,114,"a2bec9ef-28a6-41cb-937b-adaf51dd5ca7","2025-03-29 17:13:07","a2bec9ef-28a6-41cb-937b-adaf51dd5ca7","2025-03-29 17:13:07",1
190,7,"a2bec9ef-28a6-41cb-937b-adaf51dd5ca7","2025-03-29 17:13:07","a2bec9ef-28a6-41cb-937b-adaf51dd5ca7","2025-03-29 17:13:07",1
191,93,"a2bec9ef-28a6-41cb-937b-adaf51dd5ca7","2025-03-29 17:13:07","a2bec9ef-28a6-41cb-937b-adaf51dd5ca7","2025-03-29 17:13:07",1
192,177,"a2bec9ef-28a6-41cb-937b-adaf51dd5ca7","2025-03-29 17:13:07","a2bec9ef-28a6-41cb-937b-adaf51dd5ca7","2025-03-29 17:13:07",1
193,47,"a2bec9ef-28a6-41cb-937b-adaf51dd5ca7","2025-03-29 17:13:07","a2bec9ef-28a6-41cb-937b-adaf51dd5ca7","2025-03-29 17:13:07",1
194,37,"a2bec9ef-28a6-41cb-937b-adaf51dd5ca7","2025-03-29 17:13:07","a2bec9ef-28a6-41cb-937b-adaf51dd5ca7","2025-03-29 17:13:07",1
194,76,"a2bec9ef-28a6-41cb-937b-adaf51dd5ca7","2025-03-29 17:13:07","a2bec9ef-28a6-41cb-937b-adaf51dd5ca7","2025-03-29 17:13:07",1
194,185,"a2bec9ef-28a6-41cb-937b-adaf51dd5ca7","2025-03-29 17:13:07","a2bec9ef-28a6-41cb-937b-adaf51dd5ca7","2025-03-29 17:13:07",1
194,212,"a2bec9ef-28a6-41cb-937b-adaf51dd5ca7","2025-03-29 17:13:07","a2bec9ef-28a6-41cb-937b-adaf51dd5ca7","2025-03-29 17:13:07",1
194,227,"a2bec9ef-28a6-41cb-937b-adaf51dd5ca7","2025-03-29 17:13:07","a2bec9ef-28a6-41cb-937b-adaf51dd5ca7","2025-03-29 17:13:07",1
194,240,"a2bec9ef-28a6-41cb-937b-adaf51dd5ca7","2025-03-29 17:13:07","a2bec9ef-28a6-41cb-937b-adaf51dd5ca7","2025-03-29 17:13:07",1
195,340,"a2bec9ef-28a6-41cb-937b-adaf51dd5ca7","2025-03-29 17:13:07","a2bec9ef-28a6-41cb-937b-adaf51dd5ca7","2025-03-29 17:13:07",1
196,163,"a2bec9ef-28a6-41cb-937b-adaf51dd5ca7","2025-03-29 17:13:07","a2bec9ef-28a6-41cb-937b-adaf51dd5ca7","2025-03-29 17:13:07",1
197,177,"a2bec9ef-28a6-41cb-937b-adaf51dd5ca7","2025-03-29 17:13:07","a2bec9ef-28a6-41cb-937b-adaf51dd5ca7","2025-03-29 17:13:07",1
198,45,"a2bec9ef-28a6-41cb-937b-adaf51dd5ca7","2025-03-29 17:13:07","a2bec9ef-28a6-41cb-937b-adaf51dd5ca7","2025-03-29 17:13:07",1
199,210,"a2bec9ef-28a6-41cb-937b-adaf51dd5ca7","2025-03-29 17:13:07","a2bec9ef-28a6-41cb-937b-adaf51dd5ca7","2025-03-29 17:13:07",1
200,304,"a2bec9ef-28a6-41cb-937b-adaf51dd5ca7","2025-03-29 17:13:07","a2bec9ef-28a6-41cb-937b-adaf51dd5ca7","2025-03-29 17:13:07",1
201,300,"a2bec9ef-28a6-41cb-937b-adaf51dd5ca7","2025-03-29 17:13:07","a2bec9ef-28a6-41cb-937b-adaf51dd5ca7","2025-03-29 17:13:07",1
201,314,"a2bec9ef-28a6-41cb-937b-adaf51dd5ca7","2025-03-29 17:13:07","a2bec9ef-28a6-41cb-937b-adaf51dd5ca7","2025-03-29 17:13:07",1
202,50,"a2bec9ef-28a6-41cb-937b-adaf51dd5ca7","2025-03-29 17:13:07","a2bec9ef-28a6-41cb-937b-adaf51dd5ca7","2025-03-29 17:13:07",1
203,306,"a2bec9ef-28a6-41cb-937b-adaf51dd5ca7","2025-03-29 17:13:07","a2bec9ef-28a6-41cb-937b-adaf51dd5ca7","2025-03-29 17:13:07",1
204,114,"a2bec9ef-28a6-41cb-937b-adaf51dd5ca7","2025-03-29 17:13:07","a2bec9ef-28a6-41cb-937b-adaf51dd5ca7","2025-03-29 17:13:07",1
204,272,"a2bec9ef-28a6-41cb-937b-adaf51dd5ca7","2025-03-29 17:13:07","a2bec9ef-28a6-41cb-937b-adaf51dd5ca7","2025-03-29 17:13:07",1
204,308,"a2bec9ef-28a6-41cb-937b-adaf51dd5ca7","2025-03-29 17:13:07","a2bec9ef-28a6-41cb-937b-adaf51dd5ca7","2025-03-29 17:13:07",1
204,337,"a2bec9ef-28a6-41cb-937b-adaf51dd5ca7","2025-03-29 17:13:07","a2bec9ef-28a6-41cb-937b-adaf51dd5ca7","2025-03-29 17:13:07",1
205,257,"a2bec9ef-28a6-41cb-937b-adaf51dd5ca7","2025-03-29 17:13:07","a2bec9ef-28a6-41cb-937b-adaf51dd5ca7","2025-03-29 17:13:07",1
206,322,"a2bec9ef-28a6-41cb-937b-adaf51dd5ca7","2025-03-29 17:13:07","a2bec9ef-28a6-41cb-937b-adaf51dd5ca7","2025-03-29 17:13:07",1
207,2,"a2bec9ef-28a6-41cb-937b-adaf51dd5ca7","2025-03-29 17:13:07","a2bec9ef-28a6-41cb-937b-adaf51dd5ca7","2025-03-29 17:13:07",1
208,180,"a2bec9ef-28a6-41cb-937b-adaf51dd5ca7","2025-03-29 17:13:07","a2bec9ef-28a6-41cb-937b-adaf51dd5ca7","2025-03-29 17:13:07",1
209,294,"a2bec9ef-28a6-41cb-937b-adaf51dd5ca7","2025-03-29 17:13:07","a2bec9ef-28a6-41cb-937b-adaf51dd5ca7","2025-03-29 17:13:07",1
210,303,"a2bec9ef-28a6-41cb-937b-adaf51dd5ca7","2025-03-29 17:13:07","a2bec9ef-28a6-41cb-937b-adaf51dd5ca7","2025-03-29 17:13:07",1
211,223,"a2bec9ef-28a6-41cb-937b-adaf51dd5ca7","2025-03-29 17:13:07","a2bec9ef-28a6-41cb-937b-adaf51dd5ca7","2025-03-29 17:13:07",1
212,164,"a2bec9ef-28a6-41cb-937b-adaf51dd5ca7","2025-03-29 17:13:07","a2bec9ef-28a6-41cb-937b-adaf51dd5ca7","2025-03-29 17:13:07",1
213,154,"a2bec9ef-28a6-41cb-937b-adaf51dd5ca7","2025-03-29 17:13:07","a2bec9ef-28a6-41cb-937b-adaf51dd5ca7","2025-03-29 17:13:07",1
214,121,"a2bec9ef-28a6-41cb-937b-adaf51dd5ca7","2025-03-29 17:13:07","a2bec9ef-28a6-41cb-937b-adaf51dd5ca7","2025-03-29 17:13:07",1
215,117,"a2bec9ef-28a6-41cb-937b-adaf51dd5ca7","2025-03-29 17:13:07","a2bec9ef-28a6-41cb-937b-adaf51dd5ca7","2025-03-29 17:13:07",1
216,63,"a2bec9ef-28a6-41cb-937b-adaf51dd5ca7","2025-03-29 17:13:07","a2bec9ef-28a6-41cb-937b-adaf51dd5ca7","2025-03-29 17:13:07",1
216,183,"a2bec9ef-28a6-41cb-937b-adaf51dd5ca7","2025-03-29 17:13:07","a2bec9ef-28a6-41cb-937b-adaf51dd5ca7","2025-03-29 17:13:07",1
217,6,"a2bec9ef-28a6-41cb-937b-adaf51dd5ca7","2025-03-29 17:13:07","a2bec9ef-28a6-41cb-937b-adaf51dd5ca7","2025-03-29 17:13:07",1
218,80,"a2bec9ef-28a6-41cb-937b-adaf51dd5ca7","2025-03-29 17:13:07","a2bec9ef-28a6-41cb-937b-adaf51dd5ca7","2025-03-29 17:13:07",1
219,68,"a2bec9ef-28a6-41cb-937b-adaf51dd5ca7","2025-03-29 17:13:07","a2bec9ef-28a6-41cb-937b-adaf51dd5ca7","2025-03-29 17:13:07",1
220,297,"a2bec9ef-28a6-41cb-937b-adaf51dd5ca7","2025-03-29 17:13:07","a2bec9ef-28a6-41cb-937b-adaf51dd5ca7","2025-03-29 17:13:07",1
221,333,"a2bec9ef-28a6-41cb-937b-adaf51dd5ca7","2025-03-29 17:13:07","a2bec9ef-28a6-41cb-937b-adaf51dd5ca7","2025-03-29 17:13:07",1
222,268,"a2bec9ef-28a6-41cb-937b-adaf51dd5ca7","2025-03-29 17:13:07","a2bec9ef-28a6-41cb-937b-adaf51dd5ca7","2025-03-29 17:13:07",1
223,218,"a2bec9ef-28a6-41cb-937b-adaf51dd5ca7","2025-03-29 17:13:07","a2bec9ef-28a6-41cb-937b-adaf51dd5ca7","2025-03-29 17:13:07",1
224,206,"a2bec9ef-28a6-41cb-937b-adaf51dd5ca7","2025-03-29 17:13:07","a2bec9ef-28a6-41cb-937b-adaf51dd5ca7","2025-03-29 17:13:07",1
225,88,"a2bec9ef-28a6-41cb-937b-adaf51dd5ca7","2025-03-29 17:13:07","a2bec9ef-28a6-41cb-937b-adaf51dd5ca7","2025-03-29 17:13:07",1
226,37,"a2bec9ef-28a6-41cb-937b-adaf51dd5ca7","2025-03-29 17:13:07","a2bec9ef-28a6-41cb-937b-adaf51dd5ca7","2025-03-29 17:13:07",1
227,155,"a2bec9ef-28a6-41cb-937b-adaf51dd5ca7","2025-03-29 17:13:07","a2bec9ef-28a6-41cb-937b-adaf51dd5ca7","2025-03-29 17:13:07",1
228,100,"a2bec9ef-28a6-41cb-937b-adaf51dd5ca7","2025-03-29 17:13:07","a2bec9ef-28a6-41cb-937b-adaf51dd5ca7","2025-03-29 17:13:07",1
228,104,"a2bec9ef-28a6-41cb-937b-adaf51dd5ca7","2025-03-29 17:13:07","a2bec9ef-28a6-41cb-937b-adaf51dd5ca7","2025-03-29 17:13:07",1
228,241,"a2bec9ef-28a6-41cb-937b-adaf51dd5ca7","2025-03-29 17:13:07","a2bec9ef-28a6-41cb-937b-adaf51dd5ca7","2025-03-29 17:13:07",1
229,185,"a2bec9ef-28a6-41cb-937b-adaf51dd5ca7","2025-03-29 17:13:07","a2bec9ef-28a6-41cb-937b-adaf51dd5ca7","2025-03-29 17:13:07",1
230,90,"a2bec9ef-28a6-41cb-937b-adaf51dd5ca7","2025-03-29 17:13:07","a2bec9ef-28a6-41cb-937b-adaf51dd5ca7","2025-03-29 17:13:07",1
231,17,"a2bec9ef-28a6-41cb-937b-adaf51dd5ca7","2025-03-29 17:13:07","a2bec9ef-28a6-41cb-937b-adaf51dd5ca7","2025-03-29 17:13:07",1
232,250,"a2bec9ef-28a6-41cb-937b-adaf51dd5ca7","2025-03-29 17:13:07","a2bec9ef-28a6-41cb-937b-adaf51dd5ca7","2025-03-29 17:13:07",1
233,11,"a2bec9ef-28a6-41cb-937b-adaf51dd5ca7","2025-03-29 17:13:07","a2bec9ef-28a6-41cb-937b-adaf51dd5ca7","2025-03-29 17:13:07",1
233,18,"a2bec9ef-28a6-41cb-937b-adaf51dd5ca7","2025-03-29 17:13:07","a2bec9ef-28a6-41cb-937b-adaf51dd5ca7","2025-03-29 17:13:07",1
234,66,"a2bec9ef-28a6-41cb-937b-adaf51dd5ca7","2025-03-29 17:13:07","a2bec9ef-28a6-41cb-937b-adaf51dd5ca7","2025-03-29 17:13:07",1
235,143,"a2bec9ef-28a6-41cb-937b-adaf51dd5ca7","2025-03-29 17:13:07","a2bec9ef-28a6-41cb-937b-adaf51dd5ca7","2025-03-29 17:13:07",1
236,215,"a2bec9ef-28a6-41cb-937b-adaf51dd5ca7","2025-03-29 17:13:07","a2bec9ef-28a6-41cb-937b-adaf51dd5ca7","2025-03-29 17:13:07",1
237,33,"a2bec9ef-28a6-41cb-937b-adaf51dd5ca7","2025-03-29 17:13:07","a2bec9ef-28a6-41cb-937b-adaf51dd5ca7","2025-03-29 17:13:07",1
238,109,"a2bec9ef-28a6-41cb-937b-adaf51dd5ca7","2025-03-29 17:13:07","a2bec9ef-28a6-41cb-937b-adaf51dd5ca7","2025-03-29 17:13:07",1
239,171,"a2bec9ef-28a6-41cb-937b-adaf51dd5ca7","2025-03-29 17:13:07","a2bec9ef-28a6-41cb-937b-adaf51dd5ca7","2025-03-29 17:13:07",1
240,122,"a2bec9ef-28a6-41cb-937b-adaf51dd5ca7","2025-03-29 17:13:07","a2bec9ef-28a6-41cb-937b-adaf51dd5ca7","2025-03-29 17:13:07",1
240,134,"a2bec9ef-28a6-41cb-937b-adaf51dd5ca7","2025-03-29 17:13:07","a2bec9ef-28a6-41cb-937b-adaf51dd5ca7","2025-03-29 17:13:07",1
241,27,"a2bec9ef-28a6-41cb-937b-adaf51dd5ca7","2025-03-29 17:13:07","a2bec9ef-28a6-41cb-937b-adaf51dd5ca7","2025-03-29 17:13:07",1
241,123,"a2bec9ef-28a6-41cb-937b-adaf51dd5ca7","2025-03-29 17:13:07","a2bec9ef-28a6-41cb-937b-adaf51dd5ca7","2025-03-29 17:13:07",1
242,48,"a2bec9ef-28a6-41cb-937b-adaf51dd5ca7","2025-03-29 17:13:07","a2bec9ef-28a6-41cb-937b-adaf51dd5ca7","2025-03-29 17:13:07",1
243,132,"a2bec9ef-28a6-41cb-937b-adaf51dd5ca7","2025-03-29 17:13:07","a2bec9ef-28a6-41cb-937b-adaf51dd5ca7","2025-03-29 17:13:07",1
243,220,"a2bec9ef-28a6-41cb-937b-adaf51dd5ca7","2025-03-29 17:13:07","a2bec9ef-28a6-41cb-937b-adaf51dd5ca7","2025-03-29 17:13:07",1
244,25,"a2bec9ef-28a6-41cb-937b-adaf51dd5ca7","2025-03-29 17:13:07","a2bec9ef-28a6-41cb-937b-adaf51dd5ca7","2025-03-29 17:13:07",1
245,234,"a2bec9ef-28a6-41cb-937b-adaf51dd5ca7","2025-03-29 17:13:07","a2bec9ef-28a6-41cb-937b-adaf51dd5ca7","2025-03-29 17:13:07",1
246,155,"a2bec9ef-28a6-41cb-937b-adaf51dd5ca7","2025-03-29 17:13:07","a2bec9ef-28a6-41cb-937b-adaf51dd5ca7","2025-03-29 17:13:07",1
247,185,"a2bec9ef-28a6-41cb-937b-adaf51dd5ca7","2025-03-29 17:13:07","a2bec9ef-28a6-41cb-937b-adaf51dd5ca7","2025-03-29 17:13:07",1
248,40,"a2bec9ef-28a6-41cb-937b-adaf51dd5ca7","2025-03-29 17:13:07","a2bec9ef-28a6-41cb-937b-adaf51dd5ca7","2025-03-29 17:13:07",1
249,329,"a2bec9ef-28a6-41cb-937b-adaf51dd5ca7","2025-03-29 17:13:07","a2bec9ef-28a6-41cb-937b-adaf51dd5ca7","2025-03-29 17:13:07",1
250,26,"a2bec9ef-28a6-41cb-937b-adaf51dd5ca7","2025-03-29 17:13:07","a2bec9ef-28a6-41cb-937b-adaf51dd5ca7","2025-03-29 17:13:07",1
251,30,"a2bec9ef-28a6-41cb-937b-adaf51dd5ca7","2025-03-29 17:13:07","a2bec9ef-28a6-41cb-937b-adaf51dd5ca7","2025-03-29 17:13:07",1
252,142,"a2bec9ef-28a6-41cb-937b-adaf51dd5ca7","2025-03-29 17:13:07","a2bec9ef-28a6-41cb-937b-adaf51dd5ca7","2025-03-29 17:13:07",1
253,307,"a2bec9ef-28a6-41cb-937b-adaf51dd5ca7","2025-03-29 17:13:07","a2bec9ef-28a6-41cb-937b-adaf51dd5ca7","2025-03-29 17:13:07",1
254,4,"a2bec9ef-28a6-41cb-937b-adaf51dd5ca7","2025-03-29 17:13:07","a2bec9ef-28a6-41cb-937b-adaf51dd5ca7","2025-03-29 17:13:07",1
255,210,"a2bec9ef-28a6-41cb-937b-adaf51dd5ca7","2025-03-29 17:13:07","a2bec9ef-28a6-41cb-937b-adaf51dd5ca7","2025-03-29 17:13:07",1
256,305,"a2bec9ef-28a6-41cb-937b-adaf51dd5ca7","2025-03-29 17:13:07","a2bec9ef-28a6-41cb-937b-adaf51dd5ca7","2025-03-29 17:13:07",1
257,94,"a2bec9ef-28a6-41cb-937b-adaf51dd5ca7","2025-03-29 17:13:07","a2bec9ef-28a6-41cb-937b-adaf51dd5ca7","2025-03-29 17:13:07",1
258,222,"a2bec9ef-28a6-41cb-937b-adaf51dd5ca7","2025-03-29 17:13:07","a2bec9ef-28a6-41cb-937b-adaf51dd5ca7","2025-03-29 17:13:07",1
259,21,"a2bec9ef-28a6-41cb-937b-adaf51dd5ca7","2025-03-29 17:13:07","a2bec9ef-28a6-41cb-937b-adaf51dd5ca7","2025-03-29 17:13:07",1
259,35,"a2bec9ef-28a6-41cb-937b-adaf51dd5ca7","2025-03-29 17:13:07","a2bec9ef-28a6-41cb-937b-adaf51dd5ca7","2025-03-29 17:13:07",1
259,54,"a2bec9ef-28a6-41cb-937b-adaf51dd5ca7","2025-03-29 17:13:07","a2bec9ef-28a6-41cb-937b-adaf51dd5ca7","2025-03-29 17:13:07",1
259,59,"a2bec9ef-28a6-41cb-937b-adaf51dd5ca7","2025-03-29 17:13:07","a2bec9ef-28a6-41cb-937b-adaf51dd5ca7","2025-03-29 17:13:07",1
259,89,"a2bec9ef-28a6-41cb-937b-adaf51dd5ca7","2025-03-29 17:13:07","a2bec9ef-28a6-41cb-937b-adaf51dd5ca7","2025-03-29 17:13:07",1
259,135,"a2bec9ef-28a6-41cb-937b-adaf51dd5ca7","2025-03-29 17:13:07","a2bec9ef-28a6-41cb-937b-adaf51dd5ca7","2025-03-29 17:13:07",1
259,168,"a2bec9ef-28a6-41cb-937b-adaf51dd5ca7","2025-03-29 17:13:07","a2bec9ef-28a6-41cb-937b-adaf51dd5ca7","2025-03-29 17:13:07",1
259,217,"a2bec9ef-28a6-41cb-937b-adaf51dd5ca7","2025-03-29 17:13:07","a2bec9ef-28a6-41cb-937b-adaf51dd5ca7","2025-03-29 17:13:07",1
259,275,"a2bec9ef-28a6-41cb-937b-adaf51dd5ca7","2025-03-29 17:13:07","a2bec9ef-28a6-41cb-937b-adaf51dd5ca7","2025-03-29 17:13:07",1
259,285,"a2bec9ef-28a6-41cb-937b-adaf51dd5ca7","2025-03-29 17:13:07","a2bec9ef-28a6-41cb-937b-adaf51dd5ca7","2025-03-29 17:13:07",1
259,293,"a2bec9ef-28a6-41cb-937b-adaf51dd5ca7","2025-03-29 17:13:07","a2bec9ef-28a6-41cb-937b-adaf51dd5ca7","2025-03-29 17:13:07",1
259,311,"a2bec9ef-28a6-41cb-937b-adaf51dd5ca7","2025-03-29 17:13:07","a2bec9ef-28a6-41cb-937b-adaf51dd5ca7","2025-03-29 17:13:07",1
260,77,"a2bec9ef-28a6-41cb-937b-adaf51dd5ca7","2025-03-29 17:13:07","a2bec9ef-28a6-41cb-937b-adaf51dd5ca7","2025-03-29 17:13:07",1
260,113,"a2bec9ef-28a6-41cb-937b-adaf51dd5ca7","2025-03-29 17:13:07","a2bec9ef-28a6-41cb-937b-adaf51dd5ca7","2025-03-29 17:13:07",1
260,179,"a2bec9ef-28a6-41cb-937b-adaf51dd5ca7","2025-03-29 17:13:07","a2bec9ef-28a6-41cb-937b-adaf51dd5ca7","2025-03-29 17:13:07",1
260,246,"a2bec9ef-28a6-41cb-937b-adaf51dd5ca7","2025-03-29 17:13:07","a2bec9ef-28a6-41cb-937b-adaf51dd5ca7","2025-03-29 17:13:07",1
261,128,"a2bec9ef-28a6-41cb-937b-adaf51dd5ca7","2025-03-29 17:13:07","a2bec9ef-28a6-41cb-937b-adaf51dd5ca7","2025-03-29 17:13:07",1
261,165,"a2bec9ef-28a6-41cb-937b-adaf51dd5ca7","2025-03-29 17:13:07","a2bec9ef-28a6-41cb-937b-adaf51dd5ca7","2025-03-29 17:13:07",1
261,167,"a2bec9ef-28a6-41cb-937b-adaf51dd5ca7","2025-03-29 17:13:07","a2bec9ef-28a6-41cb-937b-adaf51dd5ca7","2025-03-29 17:13:07",1
261,208,"a2bec9ef-28a6-41cb-937b-adaf51dd5ca7","2025-03-29 17:13:07","a2bec9ef-28a6-41cb-937b-adaf51dd5ca7","2025-03-29 17:13:07",1
262,171,"a2bec9ef-28a6-41cb-937b-adaf51dd5ca7","2025-03-29 17:13:07","a2bec9ef-28a6-41cb-937b-adaf51dd5ca7","2025-03-29 17:13:07",1
262,261,"a2bec9ef-28a6-41cb-937b-adaf51dd5ca7","2025-03-29 17:13:07","a2bec9ef-28a6-41cb-937b-adaf51dd5ca7","2025-03-29 17:13:07",1
263,130,"a2bec9ef-28a6-41cb-937b-adaf51dd5ca7","2025-03-29 17:13:07","a2bec9ef-28a6-41cb-937b-adaf51dd5ca7","2025-03-29 17:13:07",1
264,14,"a2bec9ef-28a6-41cb-937b-adaf51dd5ca7","2025-03-29 17:13:07","a2bec9ef-28a6-41cb-937b-adaf51dd5ca7","2025-03-29 17:13:07",1
265,206,"a2bec9ef-28a6-41cb-937b-adaf51dd5ca7","2025-03-29 17:13:07","a2bec9ef-28a6-41cb-937b-adaf51dd5ca7","2025-03-29 17:13:07",1
266,306,"a2bec9ef-28a6-41cb-937b-adaf51dd5ca7","2025-03-29 17:13:07","a2bec9ef-28a6-41cb-937b-adaf51dd5ca7","2025-03-29 17:13:07",1
267,19,"a2bec9ef-28a6-41cb-937b-adaf51dd5ca7","2025-03-29 17:13:07","a2bec9ef-28a6-41cb-937b-adaf51dd5ca7","2025-03-29 17:13:07",1
267,51,"a2bec9ef-28a6-41cb-937b-adaf51dd5ca7","2025-03-29 17:13:07","a2bec9ef-28a6-41cb-937b-adaf51dd5ca7","2025-03-29 17:13:07",1
268,126,"a2bec9ef-28a6-41cb-937b-adaf51dd5ca7","2025-03-29 17:13:07","a2bec9ef-28a6-41cb-937b-adaf51dd5ca7","2025-03-29 17:13:07",1
269,112,"a2bec9ef-28a6-41cb-937b-adaf51dd5ca7","2025-03-29 17:13:07","a2bec9ef-28a6-41cb-937b-adaf51dd5ca7","2025-03-29 17:13:07",1
270,12,"a2bec9ef-28a6-41cb-937b-adaf51dd5ca7","2025-03-29 17:13:07","a2bec9ef-28a6-41cb-937b-adaf51dd5ca7","2025-03-29 17:13:07",1
271,158,"a2bec9ef-28a6-41cb-937b-adaf51dd5ca7","2025-03-29 17:13:07","a2bec9ef-28a6-41cb-937b-adaf51dd5ca7","2025-03-29 17:13:07",1
272,219,"a2bec9ef-28a6-41cb-937b-adaf51dd5ca7","2025-03-29 17:13:07","a2bec9ef-28a6-41cb-937b-adaf51dd5ca7","2025-03-29 17:13:07",1
273,233,"a2bec9ef-28a6-41cb-937b-adaf51dd5ca7","2025-03-29 17:13:07","a2bec9ef-28a6-41cb-937b-adaf51dd5ca7","2025-03-29 17:13:07",1
274,210,"a2bec9ef-28a6-41cb-937b-adaf51dd5ca7","2025-03-29 17:13:07","a2bec9ef-28a6-41cb-937b-adaf51dd5ca7","2025-03-29 17:13:07",1
275,182,"a2bec9ef-28a6-41cb-937b-adaf51dd5ca7","2025-03-29 17:13:07","a2bec9ef-28a6-41cb-937b-adaf51dd5ca7","2025-03-29 17:13:07",1
276,36,"a2bec9ef-28a6-41cb-937b-adaf51dd5ca7","2025-03-29 17:13:07","a2bec9ef-28a6-41cb-937b-adaf51dd5ca7","2025-03-29 17:13:07",1
277,171,"a2bec9ef-28a6-41cb-937b-adaf51dd5ca7","2025-03-29 17:13:07","a2bec9ef-28a6-41cb-937b-adaf51dd5ca7","2025-03-29 17:13:07",1
278,64,"a2bec9ef-28a6-41cb-937b-adaf51dd5ca7","2025-03-29 17:13:07","a2bec9ef-28a6-41cb-937b-adaf51dd5ca7","2025-03-29 17:13:07",1
279,206,"a2bec9ef-28a6-41cb-937b-adaf51dd5ca7","2025-03-29 17:13:07","a2bec9ef-28a6-41cb-937b-adaf51dd5ca7","2025-03-29 17:13:07",1
280,178,"a2bec9ef-28a6-41cb-937b-adaf51dd5ca7","2025-03-29 17:13:07","a2bec9ef-28a6-41cb-937b-adaf51dd5ca7","2025-03-29 17:13:07",1
281,276,"a2bec9ef-28a6-41cb-937b-adaf51dd5ca7","2025-03-29 17:13:07","a2bec9ef-28a6-41cb-937b-adaf51dd5ca7","2025-03-29 17:13:07",1
282,328,"a2bec9ef-28a6-41cb-937b-adaf51dd5ca7","2025-03-29 17:13:07","a2bec9ef-28a6-41cb-937b-adaf51dd5ca7","2025-03-29 17:13:07",1
283,9,"a2bec9ef-28a6-41cb-937b-adaf51dd5ca7","2025-03-29 17:13:07","a2bec9ef-28a6-41cb-937b-adaf51dd5ca7","2025-03-29 17:13:07",1
284,177,"a2bec9ef-28a6-41cb-937b-adaf51dd5ca7","2025-03-29 17:13:07","a2bec9ef-28a6-41cb-937b-adaf51dd5ca7","2025-03-29 17:13:07",1
285,203,"a2bec9ef-28a6-41cb-937b-adaf51dd5ca7","2025-03-29 17:13:07","a2bec9ef-28a6-41cb-937b-adaf51dd5ca7","2025-03-29 17:13:07",1
286,161,"a2bec9ef-28a6-41cb-937b-adaf51dd5ca7","2025-03-29 17:13:07","a2bec9ef-28a6-41cb-937b-adaf51dd5ca7","2025-03-29 17:13:07",1
286,232,"a2bec9ef-28a6-41cb-937b-adaf51dd5ca7","2025-03-29 17:13:07","a2bec9ef-28a6-41cb-937b-adaf51dd5ca7","2025-03-29 17:13:07",1
286,319,"a2bec9ef-28a6-41cb-937b-adaf51dd5ca7","2025-03-29 17:13:07","a2bec9ef-28a6-41cb-937b-adaf51dd5ca7","2025-03-29 17:13:07",1
287,291,"a2bec9ef-28a6-41cb-937b-adaf51dd5ca7","2025-03-29 17:13:07","a2bec9ef-28a6-41cb-937b-adaf51dd5ca7","2025-03-29 17:13:07",1
288,71,"a2bec9ef-28a6-41cb-937b-adaf51dd5ca7","2025-03-29 17:13:07","a2bec9ef-28a6-41cb-937b-adaf51dd5ca7","2025-03-29 17:13:07",1
289,181,"a2bec9ef-28a6-41cb-937b-adaf51dd5ca7","2025-03-29 17:13:07","a2bec9ef-28a6-41cb-937b-adaf51dd5ca7","2025-03-29 17:13:07",1
290,87,"a2bec9ef-28a6-41cb-937b-adaf51dd5ca7","2025-03-29 17:13:07","a2bec9ef-28a6-41cb-937b-adaf51dd5ca7","2025-03-29 17:13:07",1
291,321,"a2bec9ef-28a6-41cb-937b-adaf51dd5ca7","2025-03-29 17:13:07","a2bec9ef-28a6-41cb-937b-adaf51dd5ca7","2025-03-29 17:13:07",1
292,153,"a2bec9ef-28a6-41cb-937b-adaf51dd5ca7","2025-03-29 17:13:07","a2bec9ef-28a6-41cb-937b-adaf51dd5ca7","2025-03-29 17:13:07",1
293,130,"a2bec9ef-28a6-41cb-937b-adaf51dd5ca7","2025-03-29 17:13:07","a2bec9ef-28a6-41cb-937b-adaf51dd5ca7","2025-03-29 17:13:07",1
294,93,"a2bec9ef-28a6-41cb-937b-adaf51dd5ca7","2025-03-29 17:13:07","a2bec9ef-28a6-41cb-937b-adaf51dd5ca7","2025-03-29 17:13:07",1
295,154,"a2bec9ef-28a6-41cb-937b-adaf51dd5ca7","2025-03-29 17:13:07","a2bec9ef-28a6-41cb-937b-adaf51dd5ca7","2025-03-29 17:13:07",1
296,307,"a2bec9ef-28a6-41cb-937b-adaf51dd5ca7","2025-03-29 17:13:07","a2bec9ef-28a6-41cb-937b-adaf51dd5ca7","2025-03-29 17:13:07",1
297,267,"a2bec9ef-28a6-41cb-937b-adaf51dd5ca7","2025-03-29 17:13:07","a2bec9ef-28a6-41cb-937b-adaf51dd5ca7","2025-03-29 17:13:07",1
298,159,"a2bec9ef-28a6-41cb-937b-adaf51dd5ca7","2025-03-29 17:13:07","a2bec9ef-28a6-41cb-937b-adaf51dd5ca7","2025-03-29 17:13:07",1
298,295,"a2bec9ef-28a6-41cb-937b-adaf51dd5ca7","2025-03-29 17:13:07","a2bec9ef-28a6-41cb-937b-adaf51dd5ca7","2025-03-29 17:13:07",1
298,299,"a2bec9ef-28a6-41cb-937b-adaf51dd5ca7","2025-03-29 17:13:07","a2bec9ef-28a6-41cb-937b-adaf51dd5ca7","2025-03-29 17:13:07",1
299,334,"a2bec9ef-28a6-41cb-937b-adaf51dd5ca7","2025-03-29 17:13:07","a2bec9ef-28a6-41cb-937b-adaf51dd5ca7","2025-03-29 17:13:07",1
300,120,"a2bec9ef-28a6-41cb-937b-adaf51dd5ca7","2025-03-29 17:13:07","a2bec9ef-28a6-41cb-937b-adaf51dd5ca7","2025-03-29 17:13:07",1
301,133,"a2bec9ef-28a6-41cb-937b-adaf51dd5ca7","2025-03-29 17:13:07","a2bec9ef-28a6-41cb-937b-adaf51dd5ca7","2025-03-29 17:13:07",1
302,186,"a2bec9ef-28a6-41cb-937b-adaf51dd5ca7","2025-03-29 17:13:07","a2bec9ef-28a6-41cb-937b-adaf51dd5ca7","2025-03-29 17:13:07",1
303,336,"a2bec9ef-28a6-41cb-937b-adaf51dd5ca7","2025-03-29 17:13:07","a2bec9ef-28a6-41cb-937b-adaf51dd5ca7","2025-03-29 17:13:07",1
304,4,"a2bec9ef-28a6-41cb-937b-adaf51dd5ca7","2025-03-29 17:13:07","a2bec9ef-28a6-41cb-937b-adaf51dd5ca7","2025-03-29 17:13:07",1
305,8,"a2bec9ef-28a6-41cb-937b-adaf51dd5ca7","2025-03-29 17:13:07","a2bec9ef-28a6-41cb-937b-adaf51dd5ca7","2025-03-29 17:13:07",1
305,10,"a2bec9ef-28a6-41cb-937b-adaf51dd5ca7","2025-03-29 17:13:07","a2bec9ef-28a6-41cb-937b-adaf51dd5ca7","2025-03-29 17:13:07",1
305,56,"a2bec9ef-28a6-41cb-937b-adaf51dd5ca7","2025-03-29 17:13:07","a2bec9ef-28a6-41cb-937b-adaf51dd5ca7","2025-03-29 17:13:07",1
305,83,"a2bec9ef-28a6-41cb-937b-adaf51dd5ca7","2025-03-29 17:13:07","a2bec9ef-28a6-41cb-937b-adaf51dd5ca7","2025-03-29 17:13:07",1
305,96,"a2bec9ef-28a6-41cb-937b-adaf51dd5ca7","2025-03-29 17:13:07","a2bec9ef-28a6-41cb-937b-adaf51dd5ca7","2025-03-29 17:13:07",1
305,97,"a2bec9ef-28a6-41cb-937b-adaf51dd5ca7","2025-03-29 17:13:07","a2bec9ef-28a6-41cb-937b-adaf51dd5ca7","2025-03-29 17:13:07",1
305,136,"a2bec9ef-28a6-41cb-937b-adaf51dd5ca7","2025-03-29 17:13:07","a2bec9ef-28a6-41cb-937b-adaf51dd5ca7","2025-03-29 17:13:07",1
305,152,"a2bec9ef-28a6-41cb-937b-adaf51dd5ca7","2025-03-29 17:13:07","a2bec9ef-28a6-41cb-937b-adaf51dd5ca7","2025-03-29 17:13:07",1
305,196,"a2bec9ef-28a6-41cb-937b-adaf51dd5ca7","2025-03-29 17:13:07","a2bec9ef-28a6-41cb-937b-adaf51dd5ca7","2025-03-29 17:13:07",1
305,202,"a2bec9ef-28a6-41cb-937b-adaf51dd5ca7","2025-03-29 17:13:07","a2bec9ef-28a6-41cb-937b-adaf51dd5ca7","2025-03-29 17:13:07",1
305,225,"a2bec9ef-28a6-41cb-937b-adaf51dd5ca7","2025-03-29 17:13:07","a2bec9ef-28a6-41cb-937b-adaf51dd5ca7","2025-03-29 17:13:07",1
305,231,"a2bec9ef-28a6-41cb-937b-adaf51dd5ca7","2025-03-29 17:13:07","a2bec9ef-28a6-41cb-937b-adaf51dd5ca7","2025-03-29 17:13:07",1
305,238,"a2bec9ef-28a6-41cb-937b-adaf51dd5ca7","2025-03-29 17:13:07","a2bec9ef-28a6-41cb-937b-adaf51dd5ca7","2025-03-29 17:13:07",1
305,278,"a2bec9ef-28a6-41cb-937b-adaf51dd5ca7","2025-03-29 17:13:07","a2bec9ef-28a6-41cb-937b-adaf51dd5ca7","2025-03-29 17:13:07",1
305,315,"a2bec9ef-28a6-41cb-937b-adaf51dd5ca7","2025-03-29 17:13:07","a2bec9ef-28a6-41cb-937b-adaf51dd5ca7","2025-03-29 17:13:07",1
306,24,"a2bec9ef-28a6-41cb-937b-adaf51dd5ca7","2025-03-29 17:13:07","a2bec9ef-28a6-41cb-937b-adaf51dd5ca7","2025-03-29 17:13:07",1
307,259,"a2bec9ef-28a6-41cb-937b-adaf51dd5ca7","2025-03-29 17:13:07","a2bec9ef-28a6-41cb-937b-adaf51dd5ca7","2025-03-29 17:13:07",1
308,52,"a2bec9ef-28a6-41cb-937b-adaf51dd5ca7","2025-03-29 17:13:07","a2bec9ef-28a6-41cb-937b-adaf51dd5ca7","2025-03-29 17:13:07",1
309,284,"a2bec9ef-28a6-41cb-937b-adaf51dd5ca7","2025-03-29 17:13:07","a2bec9ef-28a6-41cb-937b-adaf51dd5ca7","2025-03-29 17:13:07",1
309,338,"a2bec9ef-28a6-41cb-937b-adaf51dd5ca7","2025-03-29 17:13:07","a2bec9ef-28a6-41cb-937b-adaf51dd5ca7","2025-03-29 17:13:07",1
310,67,"a2bec9ef-28a6-41cb-937b-adaf51dd5ca7","2025-03-29 17:13:07","a2bec9ef-28a6-41cb-937b-adaf51dd5ca7","2025-03-29 17:13:07",1
311,110,"a2bec9ef-28a6-41cb-937b-adaf51dd5ca7","2025-03-29 17:13:07","a2bec9ef-28a6-41cb-937b-adaf51dd5ca7","2025-03-29 17:13:07",1
312,242,"a2bec9ef-28a6-41cb-937b-adaf51dd5ca7","2025-03-29 17:13:07","a2bec9ef-28a6-41cb-937b-adaf51dd5ca7","2025-03-29 17:13:07",1
