author_id,work_id,created_by,created_at,last_modified_by,last_modified_at,revision
1,91,"a2bec9ef-28a6-41cb-937b-adaf51dd5ca7","2025-02-27 17:04:26","a2bec9ef-28a6-41cb-937b-adaf51dd5ca7","2025-02-27 17:04:26",1
2,174,"a2bec9ef-28a6-41cb-937b-adaf51dd5ca7","2025-02-27 17:04:26","a2bec9ef-28a6-41cb-937b-adaf51dd5ca7","2025-02-27 17:04:26",1
3,147,"a2bec9ef-28a6-41cb-937b-adaf51dd5ca7","2025-02-27 17:04:26","a2bec9ef-28a6-41cb-937b-adaf51dd5ca7","2025-02-27 17:04:26",1
4,108,"a2bec9ef-28a6-41cb-937b-adaf51dd5ca7","2025-02-27 17:04:26","a2bec9ef-28a6-41cb-937b-adaf51dd5ca7","2025-02-27 17:04:26",1
4,129,"a2bec9ef-28a6-41cb-937b-adaf51dd5ca7","2025-02-27 17:04:26","a2bec9ef-28a6-41cb-937b-adaf51dd5ca7","2025-02-27 17:04:26",1
5,7,"a2bec9ef-28a6-41cb-937b-adaf51dd5ca7","2025-02-27 17:04:26","a2bec9ef-28a6-41cb-937b-adaf51dd5ca7","2025-02-27 17:04:26",1
5,22,"a2bec9ef-28a6-41cb-937b-adaf51dd5ca7","2025-02-27 17:04:26","a2bec9ef-28a6-41cb-937b-adaf51dd5ca7","2025-02-27 17:04:26",1
5,73,"a2bec9ef-28a6-41cb-937b-adaf51dd5ca7","2025-02-27 17:04:26","a2bec9ef-28a6-41cb-937b-adaf51dd5ca7","2025-02-27 17:04:26",1
5,132,"a2bec9ef-28a6-41cb-937b-adaf51dd5ca7","2025-02-27 17:04:26","a2bec9ef-28a6-41cb-937b-adaf51dd5ca7","2025-02-27 17:04:26",1
5,135,"a2bec9ef-28a6-41cb-937b-adaf51dd5ca7","2025-02-27 17:04:26","a2bec9ef-28a6-41cb-937b-adaf51dd5ca7","2025-02-27 17:04:26",1
5,172,"a2bec9ef-28a6-41cb-937b-adaf51dd5ca7","2025-02-27 17:04:26","a2bec9ef-28a6-41cb-937b-adaf51dd5ca7","2025-02-27 17:04:26",1
5,197,"a2bec9ef-28a6-41cb-937b-adaf51dd5ca7","2025-02-27 17:04:26","a2bec9ef-28a6-41cb-937b-adaf51dd5ca7","2025-02-27 17:04:26",1
5,222,"a2bec9ef-28a6-41cb-937b-adaf51dd5ca7","2025-02-27 17:04:26","a2bec9ef-28a6-41cb-937b-adaf51dd5ca7","2025-02-27 17:04:26",1
6,101,"a2bec9ef-28a6-41cb-937b-adaf51dd5ca7","2025-02-27 17:04:26","a2bec9ef-28a6-41cb-937b-adaf51dd5ca7","2025-02-27 17:04:26",1
7,158,"a2bec9ef-28a6-41cb-937b-adaf51dd5ca7","2025-02-27 17:04:26","a2bec9ef-28a6-41cb-937b-adaf51dd5ca7","2025-02-27 17:04:26",1
8,100,"a2bec9ef-28a6-41cb-937b-adaf51dd5ca7","2025-02-27 17:04:26","a2bec9ef-28a6-41cb-937b-adaf51dd5ca7","2025-02-27 17:04:26",1
8,227,"a2bec9ef-28a6-41cb-937b-adaf51dd5ca7","2025-02-27 17:04:26","a2bec9ef-28a6-41cb-937b-adaf51dd5ca7","2025-02-27 17:04:26",1
9,189,"a2bec9ef-28a6-41cb-937b-adaf51dd5ca7","2025-02-27 17:04:26","a2bec9ef-28a6-41cb-937b-adaf51dd5ca7","2025-02-27 17:04:26",1
10,133,"a2bec9ef-28a6-41cb-937b-adaf51dd5ca7","2025-02-27 17:04:26","a2bec9ef-28a6-41cb-937b-adaf51dd5ca7","2025-02-27 17:04:26",1
11,68,"a2bec9ef-28a6-41cb-937b-adaf51dd5ca7","2025-02-27 17:04:26","a2bec9ef-28a6-41cb-937b-adaf51dd5ca7","2025-02-27 17:04:26",1
12,20,"a2bec9ef-28a6-41cb-937b-adaf51dd5ca7","2025-02-27 17:04:26","a2bec9ef-28a6-41cb-937b-adaf51dd5ca7","2025-02-27 17:04:26",1
12,39,"a2bec9ef-28a6-41cb-937b-adaf51dd5ca7","2025-02-27 17:04:26","a2bec9ef-28a6-41cb-937b-adaf51dd5ca7","2025-02-27 17:04:26",1
12,105,"a2bec9ef-28a6-41cb-937b-adaf51dd5ca7","2025-02-27 17:04:26","a2bec9ef-28a6-41cb-937b-adaf51dd5ca7","2025-02-27 17:04:26",1
13,221,"a2bec9ef-28a6-41cb-937b-adaf51dd5ca7","2025-02-27 17:04:26","a2bec9ef-28a6-41cb-937b-adaf51dd5ca7","2025-02-27 17:04:26",1
14,103,"a2bec9ef-28a6-41cb-937b-adaf51dd5ca7","2025-02-27 17:04:26","a2bec9ef-28a6-41cb-937b-adaf51dd5ca7","2025-02-27 17:04:26",1
15,176,"a2bec9ef-28a6-41cb-937b-adaf51dd5ca7","2025-02-27 17:04:26","a2bec9ef-28a6-41cb-937b-adaf51dd5ca7","2025-02-27 17:04:26",1
15,215,"a2bec9ef-28a6-41cb-937b-adaf51dd5ca7","2025-02-27 17:04:26","a2bec9ef-28a6-41cb-937b-adaf51dd5ca7","2025-02-27 17:04:26",1
16,143,"a2bec9ef-28a6-41cb-937b-adaf51dd5ca7","2025-02-27 17:04:26","a2bec9ef-28a6-41cb-937b-adaf51dd5ca7","2025-02-27 17:04:26",1
17,143,"a2bec9ef-28a6-41cb-937b-adaf51dd5ca7","2025-02-27 17:04:26","a2bec9ef-28a6-41cb-937b-adaf51dd5ca7","2025-02-27 17:04:26",1
18,174,"a2bec9ef-28a6-41cb-937b-adaf51dd5ca7","2025-02-27 17:04:26","a2bec9ef-28a6-41cb-937b-adaf51dd5ca7","2025-02-27 17:04:26",1
19,32,"a2bec9ef-28a6-41cb-937b-adaf51dd5ca7","2025-02-27 17:04:26","a2bec9ef-28a6-41cb-937b-adaf51dd5ca7","2025-02-27 17:04:26",1
19,85,"a2bec9ef-28a6-41cb-937b-adaf51dd5ca7","2025-02-27 17:04:26","a2bec9ef-28a6-41cb-937b-adaf51dd5ca7","2025-02-27 17:04:26",1
19,144,"a2bec9ef-28a6-41cb-937b-adaf51dd5ca7","2025-02-27 17:04:26","a2bec9ef-28a6-41cb-937b-adaf51dd5ca7","2025-02-27 17:04:26",1
20,52,"a2bec9ef-28a6-41cb-937b-adaf51dd5ca7","2025-02-27 17:04:26","a2bec9ef-28a6-41cb-937b-adaf51dd5ca7","2025-02-27 17:04:26",1
20,118,"a2bec9ef-28a6-41cb-937b-adaf51dd5ca7","2025-02-27 17:04:26","a2bec9ef-28a6-41cb-937b-adaf51dd5ca7","2025-02-27 17:04:26",1
20,151,"a2bec9ef-28a6-41cb-937b-adaf51dd5ca7","2025-02-27 17:04:26","a2bec9ef-28a6-41cb-937b-adaf51dd5ca7","2025-02-27 17:04:26",1
21,19,"a2bec9ef-28a6-41cb-937b-adaf51dd5ca7","2025-02-27 17:04:26","a2bec9ef-28a6-41cb-937b-adaf51dd5ca7","2025-02-27 17:04:26",1
22,174,"a2bec9ef-28a6-41cb-937b-adaf51dd5ca7","2025-02-27 17:04:26","a2bec9ef-28a6-41cb-937b-adaf51dd5ca7","2025-02-27 17:04:26",1
23,131,"a2bec9ef-28a6-41cb-937b-adaf51dd5ca7","2025-02-27 17:04:26","a2bec9ef-28a6-41cb-937b-adaf51dd5ca7","2025-02-27 17:04:26",1
24,167,"a2bec9ef-28a6-41cb-937b-adaf51dd5ca7","2025-02-27 17:04:26","a2bec9ef-28a6-41cb-937b-adaf51dd5ca7","2025-02-27 17:04:26",1
25,232,"a2bec9ef-28a6-41cb-937b-adaf51dd5ca7","2025-02-27 17:04:26","a2bec9ef-28a6-41cb-937b-adaf51dd5ca7","2025-02-27 17:04:26",1
26,122,"a2bec9ef-28a6-41cb-937b-adaf51dd5ca7","2025-02-27 17:04:26","a2bec9ef-28a6-41cb-937b-adaf51dd5ca7","2025-02-27 17:04:26",1
27,187,"a2bec9ef-28a6-41cb-937b-adaf51dd5ca7","2025-02-27 17:04:26","a2bec9ef-28a6-41cb-937b-adaf51dd5ca7","2025-02-27 17:04:26",1
28,65,"a2bec9ef-28a6-41cb-937b-adaf51dd5ca7","2025-02-27 17:04:26","a2bec9ef-28a6-41cb-937b-adaf51dd5ca7","2025-02-27 17:04:26",1
28,122,"a2bec9ef-28a6-41cb-937b-adaf51dd5ca7","2025-02-27 17:04:26","a2bec9ef-28a6-41cb-937b-adaf51dd5ca7","2025-02-27 17:04:26",1
29,57,"a2bec9ef-28a6-41cb-937b-adaf51dd5ca7","2025-02-27 17:04:26","a2bec9ef-28a6-41cb-937b-adaf51dd5ca7","2025-02-27 17:04:26",1
30,87,"a2bec9ef-28a6-41cb-937b-adaf51dd5ca7","2025-02-27 17:04:26","a2bec9ef-28a6-41cb-937b-adaf51dd5ca7","2025-02-27 17:04:26",1
31,50,"a2bec9ef-28a6-41cb-937b-adaf51dd5ca7","2025-02-27 17:04:26","a2bec9ef-28a6-41cb-937b-adaf51dd5ca7","2025-02-27 17:04:26",1
32,31,"a2bec9ef-28a6-41cb-937b-adaf51dd5ca7","2025-02-27 17:04:26","a2bec9ef-28a6-41cb-937b-adaf51dd5ca7","2025-02-27 17:04:26",1
33,140,"a2bec9ef-28a6-41cb-937b-adaf51dd5ca7","2025-02-27 17:04:26","a2bec9ef-28a6-41cb-937b-adaf51dd5ca7","2025-02-27 17:04:26",1
33,164,"a2bec9ef-28a6-41cb-937b-adaf51dd5ca7","2025-02-27 17:04:26","a2bec9ef-28a6-41cb-937b-adaf51dd5ca7","2025-02-27 17:04:26",1
33,181,"a2bec9ef-28a6-41cb-937b-adaf51dd5ca7","2025-02-27 17:04:26","a2bec9ef-28a6-41cb-937b-adaf51dd5ca7","2025-02-27 17:04:26",1
34,133,"a2bec9ef-28a6-41cb-937b-adaf51dd5ca7","2025-02-27 17:04:26","a2bec9ef-28a6-41cb-937b-adaf51dd5ca7","2025-02-27 17:04:26",1
35,205,"a2bec9ef-28a6-41cb-937b-adaf51dd5ca7","2025-02-27 17:04:26","a2bec9ef-28a6-41cb-937b-adaf51dd5ca7","2025-02-27 17:04:26",1
36,1,"a2bec9ef-28a6-41cb-937b-adaf51dd5ca7","2025-02-27 17:04:26","a2bec9ef-28a6-41cb-937b-adaf51dd5ca7","2025-02-27 17:04:26",1
37,128,"a2bec9ef-28a6-41cb-937b-adaf51dd5ca7","2025-02-27 17:04:26","a2bec9ef-28a6-41cb-937b-adaf51dd5ca7","2025-02-27 17:04:26",1
38,148,"a2bec9ef-28a6-41cb-937b-adaf51dd5ca7","2025-02-27 17:04:26","a2bec9ef-28a6-41cb-937b-adaf51dd5ca7","2025-02-27 17:04:26",1
39,59,"a2bec9ef-28a6-41cb-937b-adaf51dd5ca7","2025-02-27 17:04:26","a2bec9ef-28a6-41cb-937b-adaf51dd5ca7","2025-02-27 17:04:26",1
39,157,"a2bec9ef-28a6-41cb-937b-adaf51dd5ca7","2025-02-27 17:04:26","a2bec9ef-28a6-41cb-937b-adaf51dd5ca7","2025-02-27 17:04:26",1
39,170,"a2bec9ef-28a6-41cb-937b-adaf51dd5ca7","2025-02-27 17:04:26","a2bec9ef-28a6-41cb-937b-adaf51dd5ca7","2025-02-27 17:04:26",1
40,143,"a2bec9ef-28a6-41cb-937b-adaf51dd5ca7","2025-02-27 17:04:26","a2bec9ef-28a6-41cb-937b-adaf51dd5ca7","2025-02-27 17:04:26",1
41,71,"a2bec9ef-28a6-41cb-937b-adaf51dd5ca7","2025-02-27 17:04:26","a2bec9ef-28a6-41cb-937b-adaf51dd5ca7","2025-02-27 17:04:26",1
41,167,"a2bec9ef-28a6-41cb-937b-adaf51dd5ca7","2025-02-27 17:04:26","a2bec9ef-28a6-41cb-937b-adaf51dd5ca7","2025-02-27 17:04:26",1
41,203,"a2bec9ef-28a6-41cb-937b-adaf51dd5ca7","2025-02-27 17:04:26","a2bec9ef-28a6-41cb-937b-adaf51dd5ca7","2025-02-27 17:04:26",1
42,189,"a2bec9ef-28a6-41cb-937b-adaf51dd5ca7","2025-02-27 17:04:26","a2bec9ef-28a6-41cb-937b-adaf51dd5ca7","2025-02-27 17:04:26",1
43,153,"a2bec9ef-28a6-41cb-937b-adaf51dd5ca7","2025-02-27 17:04:26","a2bec9ef-28a6-41cb-937b-adaf51dd5ca7","2025-02-27 17:04:26",1
44,1,"a2bec9ef-28a6-41cb-937b-adaf51dd5ca7","2025-02-27 17:04:26","a2bec9ef-28a6-41cb-937b-adaf51dd5ca7","2025-02-27 17:04:26",1
45,81,"a2bec9ef-28a6-41cb-937b-adaf51dd5ca7","2025-02-27 17:04:26","a2bec9ef-28a6-41cb-937b-adaf51dd5ca7","2025-02-27 17:04:26",1
46,159,"a2bec9ef-28a6-41cb-937b-adaf51dd5ca7","2025-02-27 17:04:26","a2bec9ef-28a6-41cb-937b-adaf51dd5ca7","2025-02-27 17:04:26",1
47,159,"a2bec9ef-28a6-41cb-937b-adaf51dd5ca7","2025-02-27 17:04:26","a2bec9ef-28a6-41cb-937b-adaf51dd5ca7","2025-02-27 17:04:26",1
48,122,"a2bec9ef-28a6-41cb-937b-adaf51dd5ca7","2025-02-27 17:04:26","a2bec9ef-28a6-41cb-937b-adaf51dd5ca7","2025-02-27 17:04:26",1
49,43,"a2bec9ef-28a6-41cb-937b-adaf51dd5ca7","2025-02-27 17:04:26","a2bec9ef-28a6-41cb-937b-adaf51dd5ca7","2025-02-27 17:04:26",1
49,47,"a2bec9ef-28a6-41cb-937b-adaf51dd5ca7","2025-02-27 17:04:26","a2bec9ef-28a6-41cb-937b-adaf51dd5ca7","2025-02-27 17:04:26",1
49,74,"a2bec9ef-28a6-41cb-937b-adaf51dd5ca7","2025-02-27 17:04:26","a2bec9ef-28a6-41cb-937b-adaf51dd5ca7","2025-02-27 17:04:26",1
49,117,"a2bec9ef-28a6-41cb-937b-adaf51dd5ca7","2025-02-27 17:04:26","a2bec9ef-28a6-41cb-937b-adaf51dd5ca7","2025-02-27 17:04:26",1
49,121,"a2bec9ef-28a6-41cb-937b-adaf51dd5ca7","2025-02-27 17:04:26","a2bec9ef-28a6-41cb-937b-adaf51dd5ca7","2025-02-27 17:04:26",1
49,138,"a2bec9ef-28a6-41cb-937b-adaf51dd5ca7","2025-02-27 17:04:26","a2bec9ef-28a6-41cb-937b-adaf51dd5ca7","2025-02-27 17:04:26",1
49,160,"a2bec9ef-28a6-41cb-937b-adaf51dd5ca7","2025-02-27 17:04:26","a2bec9ef-28a6-41cb-937b-adaf51dd5ca7","2025-02-27 17:04:26",1
49,165,"a2bec9ef-28a6-41cb-937b-adaf51dd5ca7","2025-02-27 17:04:26","a2bec9ef-28a6-41cb-937b-adaf51dd5ca7","2025-02-27 17:04:26",1
49,177,"a2bec9ef-28a6-41cb-937b-adaf51dd5ca7","2025-02-27 17:04:26","a2bec9ef-28a6-41cb-937b-adaf51dd5ca7","2025-02-27 17:04:26",1
49,183,"a2bec9ef-28a6-41cb-937b-adaf51dd5ca7","2025-02-27 17:04:26","a2bec9ef-28a6-41cb-937b-adaf51dd5ca7","2025-02-27 17:04:26",1
49,188,"a2bec9ef-28a6-41cb-937b-adaf51dd5ca7","2025-02-27 17:04:26","a2bec9ef-28a6-41cb-937b-adaf51dd5ca7","2025-02-27 17:04:26",1
49,208,"a2bec9ef-28a6-41cb-937b-adaf51dd5ca7","2025-02-27 17:04:26","a2bec9ef-28a6-41cb-937b-adaf51dd5ca7","2025-02-27 17:04:26",1
49,219,"a2bec9ef-28a6-41cb-937b-adaf51dd5ca7","2025-02-27 17:04:26","a2bec9ef-28a6-41cb-937b-adaf51dd5ca7","2025-02-27 17:04:26",1
50,175,"a2bec9ef-28a6-41cb-937b-adaf51dd5ca7","2025-02-27 17:04:26","a2bec9ef-28a6-41cb-937b-adaf51dd5ca7","2025-02-27 17:04:26",1
51,21,"a2bec9ef-28a6-41cb-937b-adaf51dd5ca7","2025-02-27 17:04:26","a2bec9ef-28a6-41cb-937b-adaf51dd5ca7","2025-02-27 17:04:26",1
52,217,"a2bec9ef-28a6-41cb-937b-adaf51dd5ca7","2025-02-27 17:04:26","a2bec9ef-28a6-41cb-937b-adaf51dd5ca7","2025-02-27 17:04:26",1
53,4,"a2bec9ef-28a6-41cb-937b-adaf51dd5ca7","2025-02-27 17:04:26","a2bec9ef-28a6-41cb-937b-adaf51dd5ca7","2025-02-27 17:04:26",1
54,60,"a2bec9ef-28a6-41cb-937b-adaf51dd5ca7","2025-02-27 17:04:26","a2bec9ef-28a6-41cb-937b-adaf51dd5ca7","2025-02-27 17:04:26",1
55,232,"a2bec9ef-28a6-41cb-937b-adaf51dd5ca7","2025-02-27 17:04:26","a2bec9ef-28a6-41cb-937b-adaf51dd5ca7","2025-02-27 17:04:26",1
56,146,"a2bec9ef-28a6-41cb-937b-adaf51dd5ca7","2025-02-27 17:04:26","a2bec9ef-28a6-41cb-937b-adaf51dd5ca7","2025-02-27 17:04:26",1
57,30,"a2bec9ef-28a6-41cb-937b-adaf51dd5ca7","2025-02-27 17:04:26","a2bec9ef-28a6-41cb-937b-adaf51dd5ca7","2025-02-27 17:04:26",1
58,82,"a2bec9ef-28a6-41cb-937b-adaf51dd5ca7","2025-02-27 17:04:26","a2bec9ef-28a6-41cb-937b-adaf51dd5ca7","2025-02-27 17:04:26",1
59,159,"a2bec9ef-28a6-41cb-937b-adaf51dd5ca7","2025-02-27 17:04:26","a2bec9ef-28a6-41cb-937b-adaf51dd5ca7","2025-02-27 17:04:26",1
60,19,"a2bec9ef-28a6-41cb-937b-adaf51dd5ca7","2025-02-27 17:04:26","a2bec9ef-28a6-41cb-937b-adaf51dd5ca7","2025-02-27 17:04:26",1
61,73,"a2bec9ef-28a6-41cb-937b-adaf51dd5ca7","2025-02-27 17:04:26","a2bec9ef-28a6-41cb-937b-adaf51dd5ca7","2025-02-27 17:04:26",1
62,13,"a2bec9ef-28a6-41cb-937b-adaf51dd5ca7","2025-02-27 17:04:26","a2bec9ef-28a6-41cb-937b-adaf51dd5ca7","2025-02-27 17:04:26",1
62,67,"a2bec9ef-28a6-41cb-937b-adaf51dd5ca7","2025-02-27 17:04:26","a2bec9ef-28a6-41cb-937b-adaf51dd5ca7","2025-02-27 17:04:26",1
62,77,"a2bec9ef-28a6-41cb-937b-adaf51dd5ca7","2025-02-27 17:04:26","a2bec9ef-28a6-41cb-937b-adaf51dd5ca7","2025-02-27 17:04:26",1
62,106,"a2bec9ef-28a6-41cb-937b-adaf51dd5ca7","2025-02-27 17:04:26","a2bec9ef-28a6-41cb-937b-adaf51dd5ca7","2025-02-27 17:04:26",1
62,133,"a2bec9ef-28a6-41cb-937b-adaf51dd5ca7","2025-02-27 17:04:26","a2bec9ef-28a6-41cb-937b-adaf51dd5ca7","2025-02-27 17:04:26",1
62,180,"a2bec9ef-28a6-41cb-937b-adaf51dd5ca7","2025-02-27 17:04:26","a2bec9ef-28a6-41cb-937b-adaf51dd5ca7","2025-02-27 17:04:26",1
62,220,"a2bec9ef-28a6-41cb-937b-adaf51dd5ca7","2025-02-27 17:04:26","a2bec9ef-28a6-41cb-937b-adaf51dd5ca7","2025-02-27 17:04:26",1
62,224,"a2bec9ef-28a6-41cb-937b-adaf51dd5ca7","2025-02-27 17:04:26","a2bec9ef-28a6-41cb-937b-adaf51dd5ca7","2025-02-27 17:04:26",1
63,13,"a2bec9ef-28a6-41cb-937b-adaf51dd5ca7","2025-02-27 17:04:26","a2bec9ef-28a6-41cb-937b-adaf51dd5ca7","2025-02-27 17:04:26",1
64,187,"a2bec9ef-28a6-41cb-937b-adaf51dd5ca7","2025-02-27 17:04:26","a2bec9ef-28a6-41cb-937b-adaf51dd5ca7","2025-02-27 17:04:26",1
65,4,"a2bec9ef-28a6-41cb-937b-adaf51dd5ca7","2025-02-27 17:04:26","a2bec9ef-28a6-41cb-937b-adaf51dd5ca7","2025-02-27 17:04:26",1
66,60,"a2bec9ef-28a6-41cb-937b-adaf51dd5ca7","2025-02-27 17:04:26","a2bec9ef-28a6-41cb-937b-adaf51dd5ca7","2025-02-27 17:04:26",1
67,1,"a2bec9ef-28a6-41cb-937b-adaf51dd5ca7","2025-02-27 17:04:26","a2bec9ef-28a6-41cb-937b-adaf51dd5ca7","2025-02-27 17:04:26",1
68,125,"a2bec9ef-28a6-41cb-937b-adaf51dd5ca7","2025-02-27 17:04:26","a2bec9ef-28a6-41cb-937b-adaf51dd5ca7","2025-02-27 17:04:26",1
69,137,"a2bec9ef-28a6-41cb-937b-adaf51dd5ca7","2025-02-27 17:04:26","a2bec9ef-28a6-41cb-937b-adaf51dd5ca7","2025-02-27 17:04:26",1
70,24,"a2bec9ef-28a6-41cb-937b-adaf51dd5ca7","2025-02-27 17:04:26","a2bec9ef-28a6-41cb-937b-adaf51dd5ca7","2025-02-27 17:04:26",1
71,55,"a2bec9ef-28a6-41cb-937b-adaf51dd5ca7","2025-02-27 17:04:26","a2bec9ef-28a6-41cb-937b-adaf51dd5ca7","2025-02-27 17:04:26",1
72,131,"a2bec9ef-28a6-41cb-937b-adaf51dd5ca7","2025-02-27 17:04:26","a2bec9ef-28a6-41cb-937b-adaf51dd5ca7","2025-02-27 17:04:26",1
73,22,"a2bec9ef-28a6-41cb-937b-adaf51dd5ca7","2025-02-27 17:04:26","a2bec9ef-28a6-41cb-937b-adaf51dd5ca7","2025-02-27 17:04:26",1
74,5,"a2bec9ef-28a6-41cb-937b-adaf51dd5ca7","2025-02-27 17:04:26","a2bec9ef-28a6-41cb-937b-adaf51dd5ca7","2025-02-27 17:04:26",1
74,27,"a2bec9ef-28a6-41cb-937b-adaf51dd5ca7","2025-02-27 17:04:26","a2bec9ef-28a6-41cb-937b-adaf51dd5ca7","2025-02-27 17:04:26",1
74,94,"a2bec9ef-28a6-41cb-937b-adaf51dd5ca7","2025-02-27 17:04:26","a2bec9ef-28a6-41cb-937b-adaf51dd5ca7","2025-02-27 17:04:26",1
74,178,"a2bec9ef-28a6-41cb-937b-adaf51dd5ca7","2025-02-27 17:04:26","a2bec9ef-28a6-41cb-937b-adaf51dd5ca7","2025-02-27 17:04:26",1
75,78,"a2bec9ef-28a6-41cb-937b-adaf51dd5ca7","2025-02-27 17:04:26","a2bec9ef-28a6-41cb-937b-adaf51dd5ca7","2025-02-27 17:04:26",1
76,204,"a2bec9ef-28a6-41cb-937b-adaf51dd5ca7","2025-02-27 17:04:26","a2bec9ef-28a6-41cb-937b-adaf51dd5ca7","2025-02-27 17:04:26",1
77,152,"a2bec9ef-28a6-41cb-937b-adaf51dd5ca7","2025-02-27 17:04:26","a2bec9ef-28a6-41cb-937b-adaf51dd5ca7","2025-02-27 17:04:26",1
78,107,"a2bec9ef-28a6-41cb-937b-adaf51dd5ca7","2025-02-27 17:04:26","a2bec9ef-28a6-41cb-937b-adaf51dd5ca7","2025-02-27 17:04:26",1
79,76,"a2bec9ef-28a6-41cb-937b-adaf51dd5ca7","2025-02-27 17:04:26","a2bec9ef-28a6-41cb-937b-adaf51dd5ca7","2025-02-27 17:04:26",1
80,26,"a2bec9ef-28a6-41cb-937b-adaf51dd5ca7","2025-02-27 17:04:26","a2bec9ef-28a6-41cb-937b-adaf51dd5ca7","2025-02-27 17:04:26",1
81,143,"a2bec9ef-28a6-41cb-937b-adaf51dd5ca7","2025-02-27 17:04:26","a2bec9ef-28a6-41cb-937b-adaf51dd5ca7","2025-02-27 17:04:26",1
82,38,"a2bec9ef-28a6-41cb-937b-adaf51dd5ca7","2025-02-27 17:04:26","a2bec9ef-28a6-41cb-937b-adaf51dd5ca7","2025-02-27 17:04:26",1
82,51,"a2bec9ef-28a6-41cb-937b-adaf51dd5ca7","2025-02-27 17:04:26","a2bec9ef-28a6-41cb-937b-adaf51dd5ca7","2025-02-27 17:04:26",1
82,92,"a2bec9ef-28a6-41cb-937b-adaf51dd5ca7","2025-02-27 17:04:26","a2bec9ef-28a6-41cb-937b-adaf51dd5ca7","2025-02-27 17:04:26",1
82,130,"a2bec9ef-28a6-41cb-937b-adaf51dd5ca7","2025-02-27 17:04:26","a2bec9ef-28a6-41cb-937b-adaf51dd5ca7","2025-02-27 17:04:26",1
82,201,"a2bec9ef-28a6-41cb-937b-adaf51dd5ca7","2025-02-27 17:04:26","a2bec9ef-28a6-41cb-937b-adaf51dd5ca7","2025-02-27 17:04:26",1
83,203,"a2bec9ef-28a6-41cb-937b-adaf51dd5ca7","2025-02-27 17:04:26","a2bec9ef-28a6-41cb-937b-adaf51dd5ca7","2025-02-27 17:04:26",1
84,55,"a2bec9ef-28a6-41cb-937b-adaf51dd5ca7","2025-02-27 17:04:26","a2bec9ef-28a6-41cb-937b-adaf51dd5ca7","2025-02-27 17:04:26",1
85,111,"a2bec9ef-28a6-41cb-937b-adaf51dd5ca7","2025-02-27 17:04:26","a2bec9ef-28a6-41cb-937b-adaf51dd5ca7","2025-02-27 17:04:26",1
86,136,"a2bec9ef-28a6-41cb-937b-adaf51dd5ca7","2025-02-27 17:04:26","a2bec9ef-28a6-41cb-937b-adaf51dd5ca7","2025-02-27 17:04:26",1
87,70,"a2bec9ef-28a6-41cb-937b-adaf51dd5ca7","2025-02-27 17:04:26","a2bec9ef-28a6-41cb-937b-adaf51dd5ca7","2025-02-27 17:04:26",1
88,122,"a2bec9ef-28a6-41cb-937b-adaf51dd5ca7","2025-02-27 17:04:26","a2bec9ef-28a6-41cb-937b-adaf51dd5ca7","2025-02-27 17:04:26",1
89,60,"a2bec9ef-28a6-41cb-937b-adaf51dd5ca7","2025-02-27 17:04:26","a2bec9ef-28a6-41cb-937b-adaf51dd5ca7","2025-02-27 17:04:26",1
90,67,"a2bec9ef-28a6-41cb-937b-adaf51dd5ca7","2025-02-27 17:04:26","a2bec9ef-28a6-41cb-937b-adaf51dd5ca7","2025-02-27 17:04:26",1
91,187,"a2bec9ef-28a6-41cb-937b-adaf51dd5ca7","2025-02-27 17:04:26","a2bec9ef-28a6-41cb-937b-adaf51dd5ca7","2025-02-27 17:04:26",1
92,25,"a2bec9ef-28a6-41cb-937b-adaf51dd5ca7","2025-02-27 17:04:26","a2bec9ef-28a6-41cb-937b-adaf51dd5ca7","2025-02-27 17:04:26",1
92,62,"a2bec9ef-28a6-41cb-937b-adaf51dd5ca7","2025-02-27 17:04:26","a2bec9ef-28a6-41cb-937b-adaf51dd5ca7","2025-02-27 17:04:26",1
92,66,"a2bec9ef-28a6-41cb-937b-adaf51dd5ca7","2025-02-27 17:04:26","a2bec9ef-28a6-41cb-937b-adaf51dd5ca7","2025-02-27 17:04:26",1
92,80,"a2bec9ef-28a6-41cb-937b-adaf51dd5ca7","2025-02-27 17:04:26","a2bec9ef-28a6-41cb-937b-adaf51dd5ca7","2025-02-27 17:04:26",1
93,72,"a2bec9ef-28a6-41cb-937b-adaf51dd5ca7","2025-02-27 17:04:26","a2bec9ef-28a6-41cb-937b-adaf51dd5ca7","2025-02-27 17:04:26",1
94,73,"a2bec9ef-28a6-41cb-937b-adaf51dd5ca7","2025-02-27 17:04:26","a2bec9ef-28a6-41cb-937b-adaf51dd5ca7","2025-02-27 17:04:26",1
94,124,"a2bec9ef-28a6-41cb-937b-adaf51dd5ca7","2025-02-27 17:04:26","a2bec9ef-28a6-41cb-937b-adaf51dd5ca7","2025-02-27 17:04:26",1
94,127,"a2bec9ef-28a6-41cb-937b-adaf51dd5ca7","2025-02-27 17:04:26","a2bec9ef-28a6-41cb-937b-adaf51dd5ca7","2025-02-27 17:04:26",1
94,194,"a2bec9ef-28a6-41cb-937b-adaf51dd5ca7","2025-02-27 17:04:26","a2bec9ef-28a6-41cb-937b-adaf51dd5ca7","2025-02-27 17:04:26",1
95,82,"a2bec9ef-28a6-41cb-937b-adaf51dd5ca7","2025-02-27 17:04:26","a2bec9ef-28a6-41cb-937b-adaf51dd5ca7","2025-02-27 17:04:26",1
96,10,"a2bec9ef-28a6-41cb-937b-adaf51dd5ca7","2025-02-27 17:04:26","a2bec9ef-28a6-41cb-937b-adaf51dd5ca7","2025-02-27 17:04:26",1
97,99,"a2bec9ef-28a6-41cb-937b-adaf51dd5ca7","2025-02-27 17:04:26","a2bec9ef-28a6-41cb-937b-adaf51dd5ca7","2025-02-27 17:04:26",1
97,228,"a2bec9ef-28a6-41cb-937b-adaf51dd5ca7","2025-02-27 17:04:26","a2bec9ef-28a6-41cb-937b-adaf51dd5ca7","2025-02-27 17:04:26",1
98,104,"a2bec9ef-28a6-41cb-937b-adaf51dd5ca7","2025-02-27 17:04:26","a2bec9ef-28a6-41cb-937b-adaf51dd5ca7","2025-02-27 17:04:26",1
99,158,"a2bec9ef-28a6-41cb-937b-adaf51dd5ca7","2025-02-27 17:04:26","a2bec9ef-28a6-41cb-937b-adaf51dd5ca7","2025-02-27 17:04:26",1
100,137,"a2bec9ef-28a6-41cb-937b-adaf51dd5ca7","2025-02-27 17:04:26","a2bec9ef-28a6-41cb-937b-adaf51dd5ca7","2025-02-27 17:04:26",1
101,173,"a2bec9ef-28a6-41cb-937b-adaf51dd5ca7","2025-02-27 17:04:26","a2bec9ef-28a6-41cb-937b-adaf51dd5ca7","2025-02-27 17:04:26",1
102,18,"a2bec9ef-28a6-41cb-937b-adaf51dd5ca7","2025-02-27 17:04:26","a2bec9ef-28a6-41cb-937b-adaf51dd5ca7","2025-02-27 17:04:26",1
103,82,"a2bec9ef-28a6-41cb-937b-adaf51dd5ca7","2025-02-27 17:04:26","a2bec9ef-28a6-41cb-937b-adaf51dd5ca7","2025-02-27 17:04:26",1
104,116,"a2bec9ef-28a6-41cb-937b-adaf51dd5ca7","2025-02-27 17:04:26","a2bec9ef-28a6-41cb-937b-adaf51dd5ca7","2025-02-27 17:04:26",1
105,143,"a2bec9ef-28a6-41cb-937b-adaf51dd5ca7","2025-02-27 17:04:26","a2bec9ef-28a6-41cb-937b-adaf51dd5ca7","2025-02-27 17:04:26",1
106,195,"a2bec9ef-28a6-41cb-937b-adaf51dd5ca7","2025-02-27 17:04:26","a2bec9ef-28a6-41cb-937b-adaf51dd5ca7","2025-02-27 17:04:26",1
107,63,"a2bec9ef-28a6-41cb-937b-adaf51dd5ca7","2025-02-27 17:04:26","a2bec9ef-28a6-41cb-937b-adaf51dd5ca7","2025-02-27 17:04:26",1
108,163,"a2bec9ef-28a6-41cb-937b-adaf51dd5ca7","2025-02-27 17:04:26","a2bec9ef-28a6-41cb-937b-adaf51dd5ca7","2025-02-27 17:04:26",1
109,166,"a2bec9ef-28a6-41cb-937b-adaf51dd5ca7","2025-02-27 17:04:26","a2bec9ef-28a6-41cb-937b-adaf51dd5ca7","2025-02-27 17:04:26",1
110,108,"a2bec9ef-28a6-41cb-937b-adaf51dd5ca7","2025-02-27 17:04:26","a2bec9ef-28a6-41cb-937b-adaf51dd5ca7","2025-02-27 17:04:26",1
111,182,"a2bec9ef-28a6-41cb-937b-adaf51dd5ca7","2025-02-27 17:04:26","a2bec9ef-28a6-41cb-937b-adaf51dd5ca7","2025-02-27 17:04:26",1
111,210,"a2bec9ef-28a6-41cb-937b-adaf51dd5ca7","2025-02-27 17:04:26","a2bec9ef-28a6-41cb-937b-adaf51dd5ca7","2025-02-27 17:04:26",1
112,17,"a2bec9ef-28a6-41cb-937b-adaf51dd5ca7","2025-02-27 17:04:26","a2bec9ef-28a6-41cb-937b-adaf51dd5ca7","2025-02-27 17:04:26",1
112,209,"a2bec9ef-28a6-41cb-937b-adaf51dd5ca7","2025-02-27 17:04:26","a2bec9ef-28a6-41cb-937b-adaf51dd5ca7","2025-02-27 17:04:26",1
113,109,"a2bec9ef-28a6-41cb-937b-adaf51dd5ca7","2025-02-27 17:04:26","a2bec9ef-28a6-41cb-937b-adaf51dd5ca7","2025-02-27 17:04:26",1
114,199,"a2bec9ef-28a6-41cb-937b-adaf51dd5ca7","2025-02-27 17:04:26","a2bec9ef-28a6-41cb-937b-adaf51dd5ca7","2025-02-27 17:04:26",1
115,40,"a2bec9ef-28a6-41cb-937b-adaf51dd5ca7","2025-02-27 17:04:26","a2bec9ef-28a6-41cb-937b-adaf51dd5ca7","2025-02-27 17:04:26",1
116,198,"a2bec9ef-28a6-41cb-937b-adaf51dd5ca7","2025-02-27 17:04:26","a2bec9ef-28a6-41cb-937b-adaf51dd5ca7","2025-02-27 17:04:26",1
117,187,"a2bec9ef-28a6-41cb-937b-adaf51dd5ca7","2025-02-27 17:04:26","a2bec9ef-28a6-41cb-937b-adaf51dd5ca7","2025-02-27 17:04:26",1
118,121,"a2bec9ef-28a6-41cb-937b-adaf51dd5ca7","2025-02-27 17:04:26","a2bec9ef-28a6-41cb-937b-adaf51dd5ca7","2025-02-27 17:04:26",1
119,123,"a2bec9ef-28a6-41cb-937b-adaf51dd5ca7","2025-02-27 17:04:26","a2bec9ef-28a6-41cb-937b-adaf51dd5ca7","2025-02-27 17:04:26",1
120,116,"a2bec9ef-28a6-41cb-937b-adaf51dd5ca7","2025-02-27 17:04:26","a2bec9ef-28a6-41cb-937b-adaf51dd5ca7","2025-02-27 17:04:26",1
121,213,"a2bec9ef-28a6-41cb-937b-adaf51dd5ca7","2025-02-27 17:04:26","a2bec9ef-28a6-41cb-937b-adaf51dd5ca7","2025-02-27 17:04:26",1
122,169,"a2bec9ef-28a6-41cb-937b-adaf51dd5ca7","2025-02-27 17:04:26","a2bec9ef-28a6-41cb-937b-adaf51dd5ca7","2025-02-27 17:04:26",1
123,216,"a2bec9ef-28a6-41cb-937b-adaf51dd5ca7","2025-02-27 17:04:26","a2bec9ef-28a6-41cb-937b-adaf51dd5ca7","2025-02-27 17:04:26",1
124,95,"a2bec9ef-28a6-41cb-937b-adaf51dd5ca7","2025-02-27 17:04:26","a2bec9ef-28a6-41cb-937b-adaf51dd5ca7","2025-02-27 17:04:26",1
125,163,"a2bec9ef-28a6-41cb-937b-adaf51dd5ca7","2025-02-27 17:04:26","a2bec9ef-28a6-41cb-937b-adaf51dd5ca7","2025-02-27 17:04:26",1
126,233,"a2bec9ef-28a6-41cb-937b-adaf51dd5ca7","2025-02-27 17:04:26","a2bec9ef-28a6-41cb-937b-adaf51dd5ca7","2025-02-27 17:04:26",1
127,64,"a2bec9ef-28a6-41cb-937b-adaf51dd5ca7","2025-02-27 17:04:26","a2bec9ef-28a6-41cb-937b-adaf51dd5ca7","2025-02-27 17:04:26",1
128,171,"a2bec9ef-28a6-41cb-937b-adaf51dd5ca7","2025-02-27 17:04:26","a2bec9ef-28a6-41cb-937b-adaf51dd5ca7","2025-02-27 17:04:26",1
129,141,"a2bec9ef-28a6-41cb-937b-adaf51dd5ca7","2025-02-27 17:04:26","a2bec9ef-28a6-41cb-937b-adaf51dd5ca7","2025-02-27 17:04:26",1
130,184,"a2bec9ef-28a6-41cb-937b-adaf51dd5ca7","2025-02-27 17:04:26","a2bec9ef-28a6-41cb-937b-adaf51dd5ca7","2025-02-27 17:04:26",1
131,185,"a2bec9ef-28a6-41cb-937b-adaf51dd5ca7","2025-02-27 17:04:26","a2bec9ef-28a6-41cb-937b-adaf51dd5ca7","2025-02-27 17:04:26",1
132,28,"a2bec9ef-28a6-41cb-937b-adaf51dd5ca7","2025-02-27 17:04:26","a2bec9ef-28a6-41cb-937b-adaf51dd5ca7","2025-02-27 17:04:26",1
132,56,"a2bec9ef-28a6-41cb-937b-adaf51dd5ca7","2025-02-27 17:04:26","a2bec9ef-28a6-41cb-937b-adaf51dd5ca7","2025-02-27 17:04:26",1
132,102,"a2bec9ef-28a6-41cb-937b-adaf51dd5ca7","2025-02-27 17:04:26","a2bec9ef-28a6-41cb-937b-adaf51dd5ca7","2025-02-27 17:04:26",1
133,227,"a2bec9ef-28a6-41cb-937b-adaf51dd5ca7","2025-02-27 17:04:26","a2bec9ef-28a6-41cb-937b-adaf51dd5ca7","2025-02-27 17:04:26",1
134,113,"a2bec9ef-28a6-41cb-937b-adaf51dd5ca7","2025-02-27 17:04:26","a2bec9ef-28a6-41cb-937b-adaf51dd5ca7","2025-02-27 17:04:26",1
135,134,"a2bec9ef-28a6-41cb-937b-adaf51dd5ca7","2025-02-27 17:04:26","a2bec9ef-28a6-41cb-937b-adaf51dd5ca7","2025-02-27 17:04:26",1
136,212,"a2bec9ef-28a6-41cb-937b-adaf51dd5ca7","2025-02-27 17:04:26","a2bec9ef-28a6-41cb-937b-adaf51dd5ca7","2025-02-27 17:04:26",1
137,3,"a2bec9ef-28a6-41cb-937b-adaf51dd5ca7","2025-02-27 17:04:26","a2bec9ef-28a6-41cb-937b-adaf51dd5ca7","2025-02-27 17:04:26",1
137,24,"a2bec9ef-28a6-41cb-937b-adaf51dd5ca7","2025-02-27 17:04:26","a2bec9ef-28a6-41cb-937b-adaf51dd5ca7","2025-02-27 17:04:26",1
138,90,"a2bec9ef-28a6-41cb-937b-adaf51dd5ca7","2025-02-27 17:04:26","a2bec9ef-28a6-41cb-937b-adaf51dd5ca7","2025-02-27 17:04:26",1
139,89,"a2bec9ef-28a6-41cb-937b-adaf51dd5ca7","2025-02-27 17:04:26","a2bec9ef-28a6-41cb-937b-adaf51dd5ca7","2025-02-27 17:04:26",1
139,218,"a2bec9ef-28a6-41cb-937b-adaf51dd5ca7","2025-02-27 17:04:26","a2bec9ef-28a6-41cb-937b-adaf51dd5ca7","2025-02-27 17:04:26",1
139,229,"a2bec9ef-28a6-41cb-937b-adaf51dd5ca7","2025-02-27 17:04:26","a2bec9ef-28a6-41cb-937b-adaf51dd5ca7","2025-02-27 17:04:26",1
140,23,"a2bec9ef-28a6-41cb-937b-adaf51dd5ca7","2025-02-27 17:04:26","a2bec9ef-28a6-41cb-937b-adaf51dd5ca7","2025-02-27 17:04:26",1
141,58,"a2bec9ef-28a6-41cb-937b-adaf51dd5ca7","2025-02-27 17:04:26","a2bec9ef-28a6-41cb-937b-adaf51dd5ca7","2025-02-27 17:04:26",1
142,34,"a2bec9ef-28a6-41cb-937b-adaf51dd5ca7","2025-02-27 17:04:26","a2bec9ef-28a6-41cb-937b-adaf51dd5ca7","2025-02-27 17:04:26",1
143,29,"a2bec9ef-28a6-41cb-937b-adaf51dd5ca7","2025-02-27 17:04:26","a2bec9ef-28a6-41cb-937b-adaf51dd5ca7","2025-02-27 17:04:26",1
144,54,"a2bec9ef-28a6-41cb-937b-adaf51dd5ca7","2025-02-27 17:04:26","a2bec9ef-28a6-41cb-937b-adaf51dd5ca7","2025-02-27 17:04:26",1
145,84,"a2bec9ef-28a6-41cb-937b-adaf51dd5ca7","2025-02-27 17:04:26","a2bec9ef-28a6-41cb-937b-adaf51dd5ca7","2025-02-27 17:04:26",1
145,225,"a2bec9ef-28a6-41cb-937b-adaf51dd5ca7","2025-02-27 17:04:26","a2bec9ef-28a6-41cb-937b-adaf51dd5ca7","2025-02-27 17:04:26",1
146,79,"a2bec9ef-28a6-41cb-937b-adaf51dd5ca7","2025-02-27 17:04:26","a2bec9ef-28a6-41cb-937b-adaf51dd5ca7","2025-02-27 17:04:26",1
147,44,"a2bec9ef-28a6-41cb-937b-adaf51dd5ca7","2025-02-27 17:04:26","a2bec9ef-28a6-41cb-937b-adaf51dd5ca7","2025-02-27 17:04:26",1
148,232,"a2bec9ef-28a6-41cb-937b-adaf51dd5ca7","2025-02-27 17:04:26","a2bec9ef-28a6-41cb-937b-adaf51dd5ca7","2025-02-27 17:04:26",1
149,11,"a2bec9ef-28a6-41cb-937b-adaf51dd5ca7","2025-02-27 17:04:26","a2bec9ef-28a6-41cb-937b-adaf51dd5ca7","2025-02-27 17:04:26",1
150,196,"a2bec9ef-28a6-41cb-937b-adaf51dd5ca7","2025-02-27 17:04:26","a2bec9ef-28a6-41cb-937b-adaf51dd5ca7","2025-02-27 17:04:26",1
151,120,"a2bec9ef-28a6-41cb-937b-adaf51dd5ca7","2025-02-27 17:04:26","a2bec9ef-28a6-41cb-937b-adaf51dd5ca7","2025-02-27 17:04:26",1
151,191,"a2bec9ef-28a6-41cb-937b-adaf51dd5ca7","2025-02-27 17:04:26","a2bec9ef-28a6-41cb-937b-adaf51dd5ca7","2025-02-27 17:04:26",1
152,41,"a2bec9ef-28a6-41cb-937b-adaf51dd5ca7","2025-02-27 17:04:26","a2bec9ef-28a6-41cb-937b-adaf51dd5ca7","2025-02-27 17:04:26",1
153,112,"a2bec9ef-28a6-41cb-937b-adaf51dd5ca7","2025-02-27 17:04:26","a2bec9ef-28a6-41cb-937b-adaf51dd5ca7","2025-02-27 17:04:26",1
154,186,"a2bec9ef-28a6-41cb-937b-adaf51dd5ca7","2025-02-27 17:04:26","a2bec9ef-28a6-41cb-937b-adaf51dd5ca7","2025-02-27 17:04:26",1
155,133,"a2bec9ef-28a6-41cb-937b-adaf51dd5ca7","2025-02-27 17:04:26","a2bec9ef-28a6-41cb-937b-adaf51dd5ca7","2025-02-27 17:04:26",1
156,154,"a2bec9ef-28a6-41cb-937b-adaf51dd5ca7","2025-02-27 17:04:26","a2bec9ef-28a6-41cb-937b-adaf51dd5ca7","2025-02-27 17:04:26",1
157,163,"a2bec9ef-28a6-41cb-937b-adaf51dd5ca7","2025-02-27 17:04:26","a2bec9ef-28a6-41cb-937b-adaf51dd5ca7","2025-02-27 17:04:26",1
158,200,"a2bec9ef-28a6-41cb-937b-adaf51dd5ca7","2025-02-27 17:04:26","a2bec9ef-28a6-41cb-937b-adaf51dd5ca7","2025-02-27 17:04:26",1
159,142,"a2bec9ef-28a6-41cb-937b-adaf51dd5ca7","2025-02-27 17:04:26","a2bec9ef-28a6-41cb-937b-adaf51dd5ca7","2025-02-27 17:04:26",1
160,23,"a2bec9ef-28a6-41cb-937b-adaf51dd5ca7","2025-02-27 17:04:26","a2bec9ef-28a6-41cb-937b-adaf51dd5ca7","2025-02-27 17:04:26",1
161,97,"a2bec9ef-28a6-41cb-937b-adaf51dd5ca7","2025-02-27 17:04:26","a2bec9ef-28a6-41cb-937b-adaf51dd5ca7","2025-02-27 17:04:26",1
162,155,"a2bec9ef-28a6-41cb-937b-adaf51dd5ca7","2025-02-27 17:04:26","a2bec9ef-28a6-41cb-937b-adaf51dd5ca7","2025-02-27 17:04:26",1
163,145,"a2bec9ef-28a6-41cb-937b-adaf51dd5ca7","2025-02-27 17:04:26","a2bec9ef-28a6-41cb-937b-adaf51dd5ca7","2025-02-27 17:04:26",1
164,75,"a2bec9ef-28a6-41cb-937b-adaf51dd5ca7","2025-02-27 17:04:26","a2bec9ef-28a6-41cb-937b-adaf51dd5ca7","2025-02-27 17:04:26",1
165,187,"a2bec9ef-28a6-41cb-937b-adaf51dd5ca7","2025-02-27 17:04:26","a2bec9ef-28a6-41cb-937b-adaf51dd5ca7","2025-02-27 17:04:26",1
166,6,"a2bec9ef-28a6-41cb-937b-adaf51dd5ca7","2025-02-27 17:04:26","a2bec9ef-28a6-41cb-937b-adaf51dd5ca7","2025-02-27 17:04:26",1
167,88,"a2bec9ef-28a6-41cb-937b-adaf51dd5ca7","2025-02-27 17:04:26","a2bec9ef-28a6-41cb-937b-adaf51dd5ca7","2025-02-27 17:04:26",1
168,82,"a2bec9ef-28a6-41cb-937b-adaf51dd5ca7","2025-02-27 17:04:26","a2bec9ef-28a6-41cb-937b-adaf51dd5ca7","2025-02-27 17:04:26",1
169,162,"a2bec9ef-28a6-41cb-937b-adaf51dd5ca7","2025-02-27 17:04:26","a2bec9ef-28a6-41cb-937b-adaf51dd5ca7","2025-02-27 17:04:26",1
170,16,"a2bec9ef-28a6-41cb-937b-adaf51dd5ca7","2025-02-27 17:04:26","a2bec9ef-28a6-41cb-937b-adaf51dd5ca7","2025-02-27 17:04:26",1
171,81,"a2bec9ef-28a6-41cb-937b-adaf51dd5ca7","2025-02-27 17:04:26","a2bec9ef-28a6-41cb-937b-adaf51dd5ca7","2025-02-27 17:04:26",1
172,14,"a2bec9ef-28a6-41cb-937b-adaf51dd5ca7","2025-02-27 17:04:26","a2bec9ef-28a6-41cb-937b-adaf51dd5ca7","2025-02-27 17:04:26",1
173,192,"a2bec9ef-28a6-41cb-937b-adaf51dd5ca7","2025-02-27 17:04:26","a2bec9ef-28a6-41cb-937b-adaf51dd5ca7","2025-02-27 17:04:26",1
174,35,"a2bec9ef-28a6-41cb-937b-adaf51dd5ca7","2025-02-27 17:04:26","a2bec9ef-28a6-41cb-937b-adaf51dd5ca7","2025-02-27 17:04:26",1
174,36,"a2bec9ef-28a6-41cb-937b-adaf51dd5ca7","2025-02-27 17:04:26","a2bec9ef-28a6-41cb-937b-adaf51dd5ca7","2025-02-27 17:04:26",1
175,37,"a2bec9ef-28a6-41cb-937b-adaf51dd5ca7","2025-02-27 17:04:26","a2bec9ef-28a6-41cb-937b-adaf51dd5ca7","2025-02-27 17:04:26",1
176,12,"a2bec9ef-28a6-41cb-937b-adaf51dd5ca7","2025-02-27 17:04:26","a2bec9ef-28a6-41cb-937b-adaf51dd5ca7","2025-02-27 17:04:26",1
176,206,"a2bec9ef-28a6-41cb-937b-adaf51dd5ca7","2025-02-27 17:04:26","a2bec9ef-28a6-41cb-937b-adaf51dd5ca7","2025-02-27 17:04:26",1
177,231,"a2bec9ef-28a6-41cb-937b-adaf51dd5ca7","2025-02-27 17:04:26","a2bec9ef-28a6-41cb-937b-adaf51dd5ca7","2025-02-27 17:04:26",1
178,15,"a2bec9ef-28a6-41cb-937b-adaf51dd5ca7","2025-02-27 17:04:26","a2bec9ef-28a6-41cb-937b-adaf51dd5ca7","2025-02-27 17:04:26",1
179,190,"a2bec9ef-28a6-41cb-937b-adaf51dd5ca7","2025-02-27 17:04:26","a2bec9ef-28a6-41cb-937b-adaf51dd5ca7","2025-02-27 17:04:26",1
180,69,"a2bec9ef-28a6-41cb-937b-adaf51dd5ca7","2025-02-27 17:04:26","a2bec9ef-28a6-41cb-937b-adaf51dd5ca7","2025-02-27 17:04:26",1
181,110,"a2bec9ef-28a6-41cb-937b-adaf51dd5ca7","2025-02-27 17:04:26","a2bec9ef-28a6-41cb-937b-adaf51dd5ca7","2025-02-27 17:04:26",1
182,42,"a2bec9ef-28a6-41cb-937b-adaf51dd5ca7","2025-02-27 17:04:26","a2bec9ef-28a6-41cb-937b-adaf51dd5ca7","2025-02-27 17:04:26",1
183,122,"a2bec9ef-28a6-41cb-937b-adaf51dd5ca7","2025-02-27 17:04:26","a2bec9ef-28a6-41cb-937b-adaf51dd5ca7","2025-02-27 17:04:26",1
184,150,"a2bec9ef-28a6-41cb-937b-adaf51dd5ca7","2025-02-27 17:04:26","a2bec9ef-28a6-41cb-937b-adaf51dd5ca7","2025-02-27 17:04:26",1
185,207,"a2bec9ef-28a6-41cb-937b-adaf51dd5ca7","2025-02-27 17:04:26","a2bec9ef-28a6-41cb-937b-adaf51dd5ca7","2025-02-27 17:04:26",1
186,119,"a2bec9ef-28a6-41cb-937b-adaf51dd5ca7","2025-02-27 17:04:26","a2bec9ef-28a6-41cb-937b-adaf51dd5ca7","2025-02-27 17:04:26",1
187,2,"a2bec9ef-28a6-41cb-937b-adaf51dd5ca7","2025-02-27 17:04:26","a2bec9ef-28a6-41cb-937b-adaf51dd5ca7","2025-02-27 17:04:26",1
188,158,"a2bec9ef-28a6-41cb-937b-adaf51dd5ca7","2025-02-27 17:04:26","a2bec9ef-28a6-41cb-937b-adaf51dd5ca7","2025-02-27 17:04:26",1
189,53,"a2bec9ef-28a6-41cb-937b-adaf51dd5ca7","2025-02-27 17:04:26","a2bec9ef-28a6-41cb-937b-adaf51dd5ca7","2025-02-27 17:04:26",1
190,175,"a2bec9ef-28a6-41cb-937b-adaf51dd5ca7","2025-02-27 17:04:26","a2bec9ef-28a6-41cb-937b-adaf51dd5ca7","2025-02-27 17:04:26",1
191,179,"a2bec9ef-28a6-41cb-937b-adaf51dd5ca7","2025-02-27 17:04:26","a2bec9ef-28a6-41cb-937b-adaf51dd5ca7","2025-02-27 17:04:26",1
192,226,"a2bec9ef-28a6-41cb-937b-adaf51dd5ca7","2025-02-27 17:04:26","a2bec9ef-28a6-41cb-937b-adaf51dd5ca7","2025-02-27 17:04:26",1
193,113,"a2bec9ef-28a6-41cb-937b-adaf51dd5ca7","2025-02-27 17:04:26","a2bec9ef-28a6-41cb-937b-adaf51dd5ca7","2025-02-27 17:04:26",1
194,1,"a2bec9ef-28a6-41cb-937b-adaf51dd5ca7","2025-02-27 17:04:26","a2bec9ef-28a6-41cb-937b-adaf51dd5ca7","2025-02-27 17:04:26",1
195,46,"a2bec9ef-28a6-41cb-937b-adaf51dd5ca7","2025-02-27 17:04:26","a2bec9ef-28a6-41cb-937b-adaf51dd5ca7","2025-02-27 17:04:26",1
196,143,"a2bec9ef-28a6-41cb-937b-adaf51dd5ca7","2025-02-27 17:04:26","a2bec9ef-28a6-41cb-937b-adaf51dd5ca7","2025-02-27 17:04:26",1
197,149,"a2bec9ef-28a6-41cb-937b-adaf51dd5ca7","2025-02-27 17:04:26","a2bec9ef-28a6-41cb-937b-adaf51dd5ca7","2025-02-27 17:04:26",1
198,223,"a2bec9ef-28a6-41cb-937b-adaf51dd5ca7","2025-02-27 17:04:26","a2bec9ef-28a6-41cb-937b-adaf51dd5ca7","2025-02-27 17:04:26",1
199,45,"a2bec9ef-28a6-41cb-937b-adaf51dd5ca7","2025-02-27 17:04:26","a2bec9ef-28a6-41cb-937b-adaf51dd5ca7","2025-02-27 17:04:26",1
200,48,"a2bec9ef-28a6-41cb-937b-adaf51dd5ca7","2025-02-27 17:04:26","a2bec9ef-28a6-41cb-937b-adaf51dd5ca7","2025-02-27 17:04:26",1
201,61,"a2bec9ef-28a6-41cb-937b-adaf51dd5ca7","2025-02-27 17:04:26","a2bec9ef-28a6-41cb-937b-adaf51dd5ca7","2025-02-27 17:04:26",1
202,49,"a2bec9ef-28a6-41cb-937b-adaf51dd5ca7","2025-02-27 17:04:26","a2bec9ef-28a6-41cb-937b-adaf51dd5ca7","2025-02-27 17:04:26",1
203,214,"a2bec9ef-28a6-41cb-937b-adaf51dd5ca7","2025-02-27 17:04:26","a2bec9ef-28a6-41cb-937b-adaf51dd5ca7","2025-02-27 17:04:26",1
204,64,"a2bec9ef-28a6-41cb-937b-adaf51dd5ca7","2025-02-27 17:04:26","a2bec9ef-28a6-41cb-937b-adaf51dd5ca7","2025-02-27 17:04:26",1
205,9,"a2bec9ef-28a6-41cb-937b-adaf51dd5ca7","2025-02-27 17:04:26","a2bec9ef-28a6-41cb-937b-adaf51dd5ca7","2025-02-27 17:04:26",1
205,86,"a2bec9ef-28a6-41cb-937b-adaf51dd5ca7","2025-02-27 17:04:26","a2bec9ef-28a6-41cb-937b-adaf51dd5ca7","2025-02-27 17:04:26",1
205,126,"a2bec9ef-28a6-41cb-937b-adaf51dd5ca7","2025-02-27 17:04:26","a2bec9ef-28a6-41cb-937b-adaf51dd5ca7","2025-02-27 17:04:26",1
205,166,"a2bec9ef-28a6-41cb-937b-adaf51dd5ca7","2025-02-27 17:04:26","a2bec9ef-28a6-41cb-937b-adaf51dd5ca7","2025-02-27 17:04:26",1
206,230,"a2bec9ef-28a6-41cb-937b-adaf51dd5ca7","2025-02-27 17:04:26","a2bec9ef-28a6-41cb-937b-adaf51dd5ca7","2025-02-27 17:04:26",1
207,213,"a2bec9ef-28a6-41cb-937b-adaf51dd5ca7","2025-02-27 17:04:26","a2bec9ef-28a6-41cb-937b-adaf51dd5ca7","2025-02-27 17:04:26",1
208,159,"a2bec9ef-28a6-41cb-937b-adaf51dd5ca7","2025-02-27 17:04:26","a2bec9ef-28a6-41cb-937b-adaf51dd5ca7","2025-02-27 17:04:26",1
209,211,"a2bec9ef-28a6-41cb-937b-adaf51dd5ca7","2025-02-27 17:04:26","a2bec9ef-28a6-41cb-937b-adaf51dd5ca7","2025-02-27 17:04:26",1
210,133,"a2bec9ef-28a6-41cb-937b-adaf51dd5ca7","2025-02-27 17:04:26","a2bec9ef-28a6-41cb-937b-adaf51dd5ca7","2025-02-27 17:04:26",1
211,159,"a2bec9ef-28a6-41cb-937b-adaf51dd5ca7","2025-02-27 17:04:26","a2bec9ef-28a6-41cb-937b-adaf51dd5ca7","2025-02-27 17:04:26",1
212,96,"a2bec9ef-28a6-41cb-937b-adaf51dd5ca7","2025-02-27 17:04:26","a2bec9ef-28a6-41cb-937b-adaf51dd5ca7","2025-02-27 17:04:26",1
212,114,"a2bec9ef-28a6-41cb-937b-adaf51dd5ca7","2025-02-27 17:04:26","a2bec9ef-28a6-41cb-937b-adaf51dd5ca7","2025-02-27 17:04:26",1
212,115,"a2bec9ef-28a6-41cb-937b-adaf51dd5ca7","2025-02-27 17:04:26","a2bec9ef-28a6-41cb-937b-adaf51dd5ca7","2025-02-27 17:04:26",1
212,161,"a2bec9ef-28a6-41cb-937b-adaf51dd5ca7","2025-02-27 17:04:26","a2bec9ef-28a6-41cb-937b-adaf51dd5ca7","2025-02-27 17:04:26",1
212,168,"a2bec9ef-28a6-41cb-937b-adaf51dd5ca7","2025-02-27 17:04:26","a2bec9ef-28a6-41cb-937b-adaf51dd5ca7","2025-02-27 17:04:26",1
212,202,"a2bec9ef-28a6-41cb-937b-adaf51dd5ca7","2025-02-27 17:04:26","a2bec9ef-28a6-41cb-937b-adaf51dd5ca7","2025-02-27 17:04:26",1
213,159,"a2bec9ef-28a6-41cb-937b-adaf51dd5ca7","2025-02-27 17:04:26","a2bec9ef-28a6-41cb-937b-adaf51dd5ca7","2025-02-27 17:04:26",1
214,137,"a2bec9ef-28a6-41cb-937b-adaf51dd5ca7","2025-02-27 17:04:26","a2bec9ef-28a6-41cb-937b-adaf51dd5ca7","2025-02-27 17:04:26",1
215,83,"a2bec9ef-28a6-41cb-937b-adaf51dd5ca7","2025-02-27 17:04:26","a2bec9ef-28a6-41cb-937b-adaf51dd5ca7","2025-02-27 17:04:26",1
216,33,"a2bec9ef-28a6-41cb-937b-adaf51dd5ca7","2025-02-27 17:04:26","a2bec9ef-28a6-41cb-937b-adaf51dd5ca7","2025-02-27 17:04:26",1
217,139,"a2bec9ef-28a6-41cb-937b-adaf51dd5ca7","2025-02-27 17:04:26","a2bec9ef-28a6-41cb-937b-adaf51dd5ca7","2025-02-27 17:04:26",1
218,98,"a2bec9ef-28a6-41cb-937b-adaf51dd5ca7","2025-02-27 17:04:26","a2bec9ef-28a6-41cb-937b-adaf51dd5ca7","2025-02-27 17:04:26",1
219,93,"a2bec9ef-28a6-41cb-937b-adaf51dd5ca7","2025-02-27 17:04:26","a2bec9ef-28a6-41cb-937b-adaf51dd5ca7","2025-02-27 17:04:26",1
220,156,"a2bec9ef-28a6-41cb-937b-adaf51dd5ca7","2025-02-27 17:04:26","a2bec9ef-28a6-41cb-937b-adaf51dd5ca7","2025-02-27 17:04:26",1
221,8,"a2bec9ef-28a6-41cb-937b-adaf51dd5ca7","2025-02-27 17:04:26","a2bec9ef-28a6-41cb-937b-adaf51dd5ca7","2025-02-27 17:04:26",1
222,60,"a2bec9ef-28a6-41cb-937b-adaf51dd5ca7","2025-02-27 17:04:26","a2bec9ef-28a6-41cb-937b-adaf51dd5ca7","2025-02-27 17:04:26",1
223,193,"a2bec9ef-28a6-41cb-937b-adaf51dd5ca7","2025-02-27 17:04:26","a2bec9ef-28a6-41cb-937b-adaf51dd5ca7","2025-02-27 17:04:26",1
