title,subtitle,description,pagination,number_of_pages,volumns,physical_format,physical_dimensions,weight,isbn_10,isbn_13,oclc_number,lccn_number,dewey_number,lc_classifications,language,publish_date,publish_country,publish_place,cover,ol_key,grade,average_rating,rating_count,publisher_id,work_id,created_by,created_at,last_modified_by,last_modified_at,revision
"Prayers and Struggles",null,"",null,null,null,null,null,null,"1640283641","9781640283640",null,null,null,null,null,null,null,null,null,"/books/OL45661774M",150,4.186046511627907,43,"1",328,"a2bec9ef-28a6-41cb-937b-adaf51dd5ca7","2025-03-29 17:13:07","a2bec9ef-28a6-41cb-937b-adaf51dd5ca7","2025-03-29 17:13:07",1
"Naturwissenschaft in der Grundschule","Von der Wahrnehmung zum Experiment. Das Denk-, Staun- und Experimentier-Buch","",null,null,null,null,null,null,"3407628048","9783407628046",null,null,null,null,null,null,null,null,"14500223","/books/OL40264210M",165,4.042553191489362,47,"2",126,"a2bec9ef-28a6-41cb-937b-adaf51dd5ca7","2025-03-29 17:13:07","a2bec9ef-28a6-41cb-937b-adaf51dd5ca7","2025-03-29 17:13:07",1
"International Guide to Undergraduate Engineering Programs in Canada",null,"",null,null,null,null,null,null,null,"9789768164049",null,null,null,null,"English",null,null,null,null,"/books/OL33368409M",130,4.042780748663102,187,"3",127,"a2bec9ef-28a6-41cb-937b-adaf51dd5ca7","2025-03-29 17:13:07","a2bec9ef-28a6-41cb-937b-adaf51dd5ca7","2025-03-29 17:13:07",1
"Wonderful Things","A History of Egyptology from Antiquity To 1879","",null,null,null,null,null,null,null,"9789774165993",null,"2015413557",null,null,"English",null,null,null,"13850309","/books/OL28545675M",145,4.077669902912621,103,"4",220,"a2bec9ef-28a6-41cb-937b-adaf51dd5ca7","2025-03-29 17:13:07","a2bec9ef-28a6-41cb-937b-adaf51dd5ca7","2025-03-29 17:13:07",1
"Animal Camouflage: Hide-And-Seek Animals (Discovery World : First Steps to Science)",null,"",null,null,null,null,null,"9.6 ounces","0895655624","9780895655622",null,null,null,null,"English",null,null,null,null,"/books/OL9323888M",150,4.054216867469879,996,"5",302,"a2bec9ef-28a6-41cb-937b-adaf51dd5ca7","2025-03-29 17:13:07","a2bec9ef-28a6-41cb-937b-adaf51dd5ca7","2025-03-29 17:13:07",1
"Let Me Drop Everything to Work on Your Problems","Jottings Drawings Black Background White Text Design Lined Notebook - Large 8. 5 X 11 Inches - 110 Pages Notebooks and Journals, for Minimal Design, Sketching, Funny Gag Gift for Coworkers, Funny Gag Gift, Funny Gag Gift for Adults, Sarcastic Gag","",null,null,null,null,null,"0.345",null,"9781721800742",null,null,null,null,"English",null,null,null,null,"/books/OL56190163M",130,4.134615384615385,52,"6",327,"a2bec9ef-28a6-41cb-937b-adaf51dd5ca7","2025-03-29 17:13:07","a2bec9ef-28a6-41cb-937b-adaf51dd5ca7","2025-03-29 17:13:07",1
"How to Embarrass Teachers",null,"",null,null,null,null,null,null,"1447241266","9781447241263",null,null,null,null,null,null,null,null,"9331232","/books/OL27943349M",165,4.109756097560975,82,"7",18,"a2bec9ef-28a6-41cb-937b-adaf51dd5ca7","2025-03-29 17:13:07","a2bec9ef-28a6-41cb-937b-adaf51dd5ca7","2025-03-29 17:13:07",1
"Discrete-Time Signal Processing",null,"","xviii, 478",null,null,null,null,null,null,"9780132167550",null,null,null,null,"English",null,null,null,null,"/books/OL40349155M",130,4.144736842105263,76,"8",271,"a2bec9ef-28a6-41cb-937b-adaf51dd5ca7","2025-03-29 17:13:07","a2bec9ef-28a6-41cb-937b-adaf51dd5ca7","2025-03-29 17:13:07",1
"Don Prudhomme","The Story Behind the Snake","","144",null,null,null,null,"0.455",null,"9781613214435",null,null,null,null,"English",null,null,null,null,"/books/OL52015152M",130,4.2444444444444445,45,"9",66,"a2bec9ef-28a6-41cb-937b-adaf51dd5ca7","2025-03-29 17:13:07","a2bec9ef-28a6-41cb-937b-adaf51dd5ca7","2025-03-29 17:13:07",1
"Painless American history",null,"","p. cm.",null,null,null,null,null,"0764142313","9780764142314",null,"2009010390",null,null,"English",null,null,null,"8021005","/books/OL23181014M",165,4.442748091603053,131,"10",202,"a2bec9ef-28a6-41cb-937b-adaf51dd5ca7","2025-03-29 17:13:07","a2bec9ef-28a6-41cb-937b-adaf51dd5ca7","2025-03-29 17:13:07",1
"Jump Start","Poems","",null,null,null,null,null,null,null,"9780393305906",null,null,null,null,"English",null,null,null,"14481716","/books/OL28943535M",145,4.291666666666667,72,"11",227,"a2bec9ef-28a6-41cb-937b-adaf51dd5ca7","2025-03-29 17:13:07","a2bec9ef-28a6-41cb-937b-adaf51dd5ca7","2025-03-29 17:13:07",1
"Hei bai zhi zhan",null,"","6, 123 p.",null,null,null,null,null,"7222058346","9787222058347",null,"2009450083",null,null,"Chinese",null,null,null,null,"/books/OL30755668M",150,4.114503816793893,131,"12",246,"a2bec9ef-28a6-41cb-937b-adaf51dd5ca7","2025-03-29 17:13:07","a2bec9ef-28a6-41cb-937b-adaf51dd5ca7","2025-03-29 17:13:07",1
"Histoire de l'oeuvre de la Rédemption...",null,"","452",null,null,null,null,"0.809",null,"9781018657202",null,null,null,null,"French",null,null,null,null,"/books/OL46507515M",130,4.008264462809917,121,"13",290,"a2bec9ef-28a6-41cb-937b-adaf51dd5ca7","2025-03-29 17:13:07","a2bec9ef-28a6-41cb-937b-adaf51dd5ca7","2025-03-29 17:13:07",1
"Department Chair Leadership Institute Module 2","A Quick and Practical Guide to Managing Your Time and Stress led by Christian Hansen","",null,null,null,null,null,null,null,"9780470886250",null,null,null,null,"English",null,null,null,null,"/books/OL39990246M",130,4.252252252252252,111,"14",240,"a2bec9ef-28a6-41cb-937b-adaf51dd5ca7","2025-03-29 17:13:07","a2bec9ef-28a6-41cb-937b-adaf51dd5ca7","2025-03-29 17:13:07",1
"Evening at Alfies Boo Tape NF",null,"",null,null,null,null,null,null,"0001010131","9780001010130",null,null,null,null,null,null,null,null,null,"/books/OL9904945M",150,4.150943396226415,53,"15",182,"a2bec9ef-28a6-41cb-937b-adaf51dd5ca7","2025-03-29 17:13:07","a2bec9ef-28a6-41cb-937b-adaf51dd5ca7","2025-03-29 17:13:07",1
"Supernatural Bounty Hunter Files","I Smell Smoke","","200",null,null,null,null,"0.205",null,"9781941208144",null,null,null,null,"English",null,null,null,null,"/books/OL34879635M",130,4.294117647058823,68,"16",36,"a2bec9ef-28a6-41cb-937b-adaf51dd5ca7","2025-03-29 17:13:07","a2bec9ef-28a6-41cb-937b-adaf51dd5ca7","2025-03-29 17:13:07",1
"Beginng Interm Alg & Pass Tst CD & MML Pkg",null,"",null,null,null,null,null,null,"0201780569","9780201780567",null,null,null,null,null,null,null,null,"12530514","/books/OL36637134M",165,4.169154228855722,201,"17",260,"a2bec9ef-28a6-41cb-937b-adaf51dd5ca7","2025-03-29 17:13:07","a2bec9ef-28a6-41cb-937b-adaf51dd5ca7","2025-03-29 17:13:07",1
"Labour mobility and the housing market","the employers' response","","iv,40 p. :",null,null,null,null,null,"1873575440",null,null,null,null,null,"English",null,null,null,null,"/books/OL21751794M",130,4.09375,64,"18",173,"a2bec9ef-28a6-41cb-937b-adaf51dd5ca7","2025-03-29 17:13:07","a2bec9ef-28a6-41cb-937b-adaf51dd5ca7","2025-03-29 17:13:07",1
"Studies on Cooling of Fresh Concrete in Freezing Weather",null,"","66",null,null,null,null,"0.105",null,"9781021463876",null,null,null,null,"English",null,null,null,null,"/books/OL50912846M",130,4.2105263157894735,57,"13",104,"a2bec9ef-28a6-41cb-937b-adaf51dd5ca7","2025-03-29 17:13:07","a2bec9ef-28a6-41cb-937b-adaf51dd5ca7","2025-03-29 17:13:07",1
"Informal Learning and Field Trips",null,"",null,null,null,null,null,null,null,"9781322642666",null,null,null,null,"English",null,null,null,null,"/books/OL51774201M",130,4.021505376344086,93,"9",295,"a2bec9ef-28a6-41cb-937b-adaf51dd5ca7","2025-03-29 17:13:07","a2bec9ef-28a6-41cb-937b-adaf51dd5ca7","2025-03-29 17:13:07",1
"Stormy victory",null,"","xiv, 248 p.",null,null,null,null,null,null,null,null,"43002214",null,null,"English",null,null,null,"6731924","/books/OL6448940M",125,4.046511627906977,43,"19",118,"a2bec9ef-28a6-41cb-937b-adaf51dd5ca7","2025-03-29 17:13:07","a2bec9ef-28a6-41cb-937b-adaf51dd5ca7","2025-03-29 17:13:07",1
"Theory of Cryptography","19th International Conference, TCC 2021, Raleigh, NC, USA, November 8-11, 2021, Proceedings, Part II","",null,null,null,null,null,null,null,"9783030904524",null,null,null,null,"English",null,null,null,null,"/books/OL35591473M",130,4.434782608695652,92,"20",7,"a2bec9ef-28a6-41cb-937b-adaf51dd5ca7","2025-03-29 17:13:07","a2bec9ef-28a6-41cb-937b-adaf51dd5ca7","2025-03-29 17:13:07",1
"Eretici italiani del Cinquecento e altri scritti",null,"","lxiv, 619 p.",null,null,null,null,null,"8806130242",null,null,null,null,null,"Italian",null,null,null,null,"/books/OL15077322M",130,4.0,60,"21",33,"a2bec9ef-28a6-41cb-937b-adaf51dd5ca7","2025-03-29 17:13:07","a2bec9ef-28a6-41cb-937b-adaf51dd5ca7","2025-03-29 17:13:07",1
"Hospice and palliative care","concepts and practice","","xx, 288 p. ;",null,null,null,null,null,"0763715662",null,null,"2002034161",null,null,"English",null,null,null,"9519050","/books/OL17089505M",145,4.328125,64,"22",90,"a2bec9ef-28a6-41cb-937b-adaf51dd5ca7","2025-03-29 17:13:07","a2bec9ef-28a6-41cb-937b-adaf51dd5ca7","2025-03-29 17:13:07",1
"A Whig's apology for his consistency","in a letter from a member of Parliament to his friend in the borough of ****","","[4], 198, [2] p. ;",null,null,null,null,null,null,null,null,null,null,null,"English",null,null,null,"6657753","/books/OL24400081M",125,4.333333333333333,42,"23",9,"a2bec9ef-28a6-41cb-937b-adaf51dd5ca7","2025-03-29 17:13:07","a2bec9ef-28a6-41cb-937b-adaf51dd5ca7","2025-03-29 17:13:07",1
"Overview of Entitlement Programs, 1993, Green Book","Background Material and Data on Programs Within the Jurisdiction of the Committee on Ways and Means","",null,null,null,null,null,null,"016041153X","9780160411533",null,null,null,null,"English",null,null,null,null,"/books/OL10109859M",150,4.588235294117647,51,"24",46,"a2bec9ef-28a6-41cb-937b-adaf51dd5ca7","2025-03-29 17:13:07","a2bec9ef-28a6-41cb-937b-adaf51dd5ca7","2025-03-29 17:13:07",1
"Dang jin yu wei lai shi jie fa lü ti xi","The present and future world legal systems","","3, 8, 406 p.",null,null,null,null,null,"7511801366","9787511801364",null,null,null,null,"Chinese",null,null,null,null,"/books/OL45262612M",150,4.037037037037037,54,"25",283,"a2bec9ef-28a6-41cb-937b-adaf51dd5ca7","2025-03-29 17:13:07","a2bec9ef-28a6-41cb-937b-adaf51dd5ca7","2025-03-29 17:13:07",1
"Dr. Mel's Connecticut climate book",null,"","p. cm.",null,null,null,null,null,null,"9780819568397",null,"2009016155",null,null,"English",null,null,null,"13900324","/books/OL23213117M",145,4.099337748344371,151,"26",250,"a2bec9ef-28a6-41cb-937b-adaf51dd5ca7","2025-03-29 17:13:07","a2bec9ef-28a6-41cb-937b-adaf51dd5ca7","2025-03-29 17:13:07",1
"Portraits in oil",null,"",null,null,null,null,null,null,"0273013610",null,null,"80019065",null,null,"English",null,null,null,"10797571","/books/OL14983020M",145,4.1,110,"27",45,"a2bec9ef-28a6-41cb-937b-adaf51dd5ca7","2025-03-29 17:13:07","a2bec9ef-28a6-41cb-937b-adaf51dd5ca7","2025-03-29 17:13:07",1
"It's a Life Book One",null,"","88",null,null,null,null,"0.127",null,"9781716074165",null,null,null,null,"English",null,null,null,null,"/books/OL40118144M",130,4.142857142857143,70,"28",292,"a2bec9ef-28a6-41cb-937b-adaf51dd5ca7","2025-03-29 17:13:07","a2bec9ef-28a6-41cb-937b-adaf51dd5ca7","2025-03-29 17:13:07",1
"a B C of Strawberry Culture, for Farmers, Village People, and Small Growers",null,"","236",null,null,null,null,"0.509",null,"9781016917650",null,null,null,null,"English",null,null,null,null,"/books/OL46334730M",130,4.315789473684211,95,"13",204,"a2bec9ef-28a6-41cb-937b-adaf51dd5ca7","2025-03-29 17:13:07","a2bec9ef-28a6-41cb-937b-adaf51dd5ca7","2025-03-29 17:13:07",1
"Quick and the Dead",null,"",null,null,null,null,null,"0.487",null,"9781860469374",null,null,null,null,"English",null,null,null,"13730319","/books/OL34422498M",145,4.413223140495868,121,"29",196,"a2bec9ef-28a6-41cb-937b-adaf51dd5ca7","2025-03-29 17:13:07","a2bec9ef-28a6-41cb-937b-adaf51dd5ca7","2025-03-29 17:13:07",1
"Le coeur du coeur","essais, poèmes et pensées mystiques","","302 p. ;",null,null,null,null,null,null,"9782204085908",null,null,null,null,"French",null,null,null,null,"/books/OL21896050M",130,4.113207547169812,106,"30",37,"a2bec9ef-28a6-41cb-937b-adaf51dd5ca7","2025-03-29 17:13:07","a2bec9ef-28a6-41cb-937b-adaf51dd5ca7","2025-03-29 17:13:07",1
"Grande Alfabetiere Da Colorare","Colora l'alfabeto con Lettere, Parole e Immagini in Ampio Formato  - Alfabetiere Da Colorare","","105",null,null,null,null,"0.291",null,"9798758354148",null,null,null,null,"Italian",null,null,null,null,"/books/OL40160088M",130,4.105263157894737,95,"31",57,"a2bec9ef-28a6-41cb-937b-adaf51dd5ca7","2025-03-29 17:13:07","a2bec9ef-28a6-41cb-937b-adaf51dd5ca7","2025-03-29 17:13:07",1
"La sirena y la señora Hancock",null,"",null,null,null,null,null,null,null,"9788417308780",null,null,null,null,null,null,null,null,"8169551","/books/OL26447658M",145,4.071621621621621,740,"32",20,"a2bec9ef-28a6-41cb-937b-adaf51dd5ca7","2025-03-29 17:13:07","a2bec9ef-28a6-41cb-937b-adaf51dd5ca7","2025-03-29 17:13:07",1
"The Born-Einstein letters","correspondence between Albert Einstein and Max and Hedwig Born from 1916 to 1955.","","x, 240 p.",null,null,null,null,null,"0802703267",null,null,"76126107",null,null,"English",null,null,null,null,"/books/OL4913625M",130,4.211,1000,"33",108,"a2bec9ef-28a6-41cb-937b-adaf51dd5ca7","2025-03-29 17:13:07","a2bec9ef-28a6-41cb-937b-adaf51dd5ca7","2025-03-29 17:13:07",1
"Supreme fictions : studies in the work of William Blake, Thomas Carlyle, W. B. Yeats, and D. H. Lawrence",null,"",null,null,null,null,null,null,null,null,null,null,null,null,null,null,null,null,"7975131","/books/OL26302885M",115,4.06,50,null,277,"a2bec9ef-28a6-41cb-937b-adaf51dd5ca7","2025-03-29 17:13:07","a2bec9ef-28a6-41cb-937b-adaf51dd5ca7","2025-03-29 17:13:07",1
"Advanced professional work in hospitals for the insane",null,"","29 p. ;",null,null,null,null,null,null,null,null,null,null,null,"English",null,null,null,"13391757","/books/OL26369314M",115,4.559523809523809,84,null,309,"a2bec9ef-28a6-41cb-937b-adaf51dd5ca7","2025-03-29 17:13:07","a2bec9ef-28a6-41cb-937b-adaf51dd5ca7","2025-03-29 17:13:07",1
"The Born-Einstein letters","friendship, politics, and physics in uncertain times : correspondence between Albert Einstein and Max and Hedwig Born from 1916 to 1955 with commentaries by Max Born","","xxxii, 235 p. ;",null,null,null,null,null,"1403944962","9781403944962",null,"2004061027",null,null,"English",null,null,null,"752991","/books/OL3310739M",165,4.211,1000,"34",108,"a2bec9ef-28a6-41cb-937b-adaf51dd5ca7","2025-03-29 17:13:07","a2bec9ef-28a6-41cb-937b-adaf51dd5ca7","2025-03-29 17:13:07",1
"Clinical autonomic disorders","evaluation and management","","xix, 800 p. :",null,null,null,null,null,"0316533904",null,null,"92049907",null,null,"English",null,null,null,"4992710","/books/OL1742830M",145,4.320754716981132,53,"35",149,"a2bec9ef-28a6-41cb-937b-adaf51dd5ca7","2025-03-29 17:13:07","a2bec9ef-28a6-41cb-937b-adaf51dd5ca7","2025-03-29 17:13:07",1
"Petites Histoires de Minuit",null,"",null,null,null,null,null,null,null,"9781320179560",null,null,null,null,"French",null,null,null,null,"/books/OL51888359M",130,4.080357142857143,112,"36",82,"a2bec9ef-28a6-41cb-937b-adaf51dd5ca7","2025-03-29 17:13:07","a2bec9ef-28a6-41cb-937b-adaf51dd5ca7","2025-03-29 17:13:07",1
"IBM Websphere Portal V4.1 Handbook",null,"",null,null,null,null,null,"2.4 pounds","0738428094","9780738428093",null,"2003277122",null,null,"English",null,null,null,null,"/books/OL10606902M",150,4.103896103896104,77,"37",320,"a2bec9ef-28a6-41cb-937b-adaf51dd5ca7","2025-03-29 17:13:07","a2bec9ef-28a6-41cb-937b-adaf51dd5ca7","2025-03-29 17:13:07",1
"Painless American history",null,"","xi, 290 p. :",null,null,null,null,null,"0764106201",null,null,"98050020",null,null,"English",null,null,null,"517272","/books/OL387193M",145,4.442748091603053,131,"38",202,"a2bec9ef-28a6-41cb-937b-adaf51dd5ca7","2025-03-29 17:13:07","a2bec9ef-28a6-41cb-937b-adaf51dd5ca7","2025-03-29 17:13:07",1
"Paradise Lost: (Finest Illustration Edition)",null,"","327",null,null,null,null,"0.491",null,"9798809644990",null,null,null,null,"English",null,null,null,null,"/books/OL38495369M",130,4.1313131313131315,297,"31",301,"a2bec9ef-28a6-41cb-937b-adaf51dd5ca7","2025-03-29 17:13:07","a2bec9ef-28a6-41cb-937b-adaf51dd5ca7","2025-03-29 17:13:07",1
"Dr. Mel's Connecticut Climate Book",null,"","239",null,null,null,null,null,null,"9781283109352",null,null,null,null,"English",null,null,null,null,"/books/OL37171993M",130,4.099337748344371,151,"26",250,"a2bec9ef-28a6-41cb-937b-adaf51dd5ca7","2025-03-29 17:13:07","a2bec9ef-28a6-41cb-937b-adaf51dd5ca7","2025-03-29 17:13:07",1
"Food Security Strategies","The Asian Experience (Agricultural Policy & Economic Development , No 3)","",null,null,null,null,null,"3.2 ounces","9251040842","9789251040843",null,"98227517",null,null,"English",null,null,null,null,"/books/OL12899801M",150,4.386363636363637,44,"39",269,"a2bec9ef-28a6-41cb-937b-adaf51dd5ca7","2025-03-29 17:13:07","a2bec9ef-28a6-41cb-937b-adaf51dd5ca7","2025-03-29 17:13:07",1
"The Born-Einstein letters","correspondence between Albert Einstein and Max and Hedwig Born from 1916-1955, with commentaries by Max Born","","xi, 240 p., 5 plates;",null,null,null,null,null,"0333112679",null,null,"77852369",null,null,"English",null,null,null,null,"/books/OL4699035M",130,4.211,1000,"34",108,"a2bec9ef-28a6-41cb-937b-adaf51dd5ca7","2025-03-29 17:13:07","a2bec9ef-28a6-41cb-937b-adaf51dd5ca7","2025-03-29 17:13:07",1
"The 2007-2012 Outlook for Corn Curls and Related Products in Japan",null,"",null,null,null,null,null,"10.6 ounces","0497437783","9780497437787",null,null,null,null,"English",null,null,null,"2450638","/books/OL10398854M",165,4.2064516129032254,310,"40",324,"a2bec9ef-28a6-41cb-937b-adaf51dd5ca7","2025-03-29 17:13:07","a2bec9ef-28a6-41cb-937b-adaf51dd5ca7","2025-03-29 17:13:07",1
"Abusée Dans la Cave de Mon Immeuble",null,"","97",null,null,null,null,"0.159",null,"9781522045953",null,null,null,null,"French",null,null,null,null,"/books/OL40530005M",130,4.195652173913044,46,"31",97,"a2bec9ef-28a6-41cb-937b-adaf51dd5ca7","2025-03-29 17:13:07","a2bec9ef-28a6-41cb-937b-adaf51dd5ca7","2025-03-29 17:13:07",1
"Informal Learning and Field Trips","Engaging Students in Standards-Based Experiences Across the K-5 Curriculum","",null,null,null,null,null,null,null,"9781629147437",null,null,null,null,"English",null,null,null,null,"/books/OL28534263M",130,4.021505376344086,93,"9",295,"a2bec9ef-28a6-41cb-937b-adaf51dd5ca7","2025-03-29 17:13:07","a2bec9ef-28a6-41cb-937b-adaf51dd5ca7","2025-03-29 17:13:07",1
"Monctons - Volume II",null,"",null,null,null,null,null,"0.264",null,"9781512206180",null,null,null,null,"English",null,null,null,null,"/books/OL56667565M",130,4.072289156626506,166,"41",228,"a2bec9ef-28a6-41cb-937b-adaf51dd5ca7","2025-03-29 17:13:07","a2bec9ef-28a6-41cb-937b-adaf51dd5ca7","2025-03-29 17:13:07",1
"South West Pacific Since 1900 (History of Modern World)",null,"",null,null,null,null,null,null,"0472071122","9780472071128",null,null,null,null,null,null,null,null,null,"/books/OL7632975M",150,4.333333333333333,87,"42",200,"a2bec9ef-28a6-41cb-937b-adaf51dd5ca7","2025-03-29 17:13:07","a2bec9ef-28a6-41cb-937b-adaf51dd5ca7","2025-03-29 17:13:07",1
"Abusée Dans la Cave de Mon Immeuble",null,"","97",null,null,null,null,"0.159",null,"9781521701003",null,null,null,null,"French",null,null,null,null,"/books/OL40855014M",130,4.195652173913044,46,"31",97,"a2bec9ef-28a6-41cb-937b-adaf51dd5ca7","2025-03-29 17:13:07","a2bec9ef-28a6-41cb-937b-adaf51dd5ca7","2025-03-29 17:13:07",1
"The struggle within","race relations in the United States","Discusses the causes, bases, evolution, and effects of racial attitudes in the United States and traces the history of the civil rights movement.","x, 180 p.",null,null,null,null,null,"0448214342",null,null,"72182009",null,null,"English",null,null,null,"4503556","/books/OL5329011M",170,4.254901960784314,51,"43",151,"a2bec9ef-28a6-41cb-937b-adaf51dd5ca7","2025-03-29 17:13:07","a2bec9ef-28a6-41cb-937b-adaf51dd5ca7","2025-03-29 17:13:07",1
"The struggle within","race relations in the United States","Discusses the causes, bases, evolution, and effects of racial attitudes in the United States and traces the history of the civil rights movement.","x, 180 p.",null,null,null,null,null,"0448262010",null,null,"72182009",null,null,"English",null,null,null,"4503556","/books/OL5329011M",170,4.254901960784314,51,"43",151,"a2bec9ef-28a6-41cb-937b-adaf51dd5ca7","2025-03-29 17:13:07","a2bec9ef-28a6-41cb-937b-adaf51dd5ca7","2025-03-29 17:13:07",1
"El concepte de dret",null,"",null,null,null,null,null,null,"849385879X","9788493858797",null,null,null,null,null,null,null,null,"14193655","/books/OL47572717M",165,4.016393442622951,61,"44",170,"a2bec9ef-28a6-41cb-937b-adaf51dd5ca7","2025-03-29 17:13:07","a2bec9ef-28a6-41cb-937b-adaf51dd5ca7","2025-03-29 17:13:07",1
"Self-propelled Vehicles: A Practical Treatise on the Theory, Construction ...",null,"",null,null,null,null,null,null,null,null,null,null,null,null,null,null,null,null,"10047416","/books/OL20487618M",125,4.222222222222222,45,"45",133,"a2bec9ef-28a6-41cb-937b-adaf51dd5ca7","2025-03-29 17:13:07","a2bec9ef-28a6-41cb-937b-adaf51dd5ca7","2025-03-29 17:13:07",1
"A Student's Guide to International Relations",null,"","99 p.",null,null,null,null,null,"1935191918","9781935191919",null,"2010020118",null,null,"English",null,null,null,"7150248","/books/OL25369988M",165,4.604651162790698,43,"46",184,"a2bec9ef-28a6-41cb-937b-adaf51dd5ca7","2025-03-29 17:13:07","a2bec9ef-28a6-41cb-937b-adaf51dd5ca7","2025-03-29 17:13:07",1
"Hiking Alabama","A Guide to the State's Greatest Hiking Adventures","",null,null,null,null,null,null,null,"9781493062270",null,null,null,null,"English",null,null,null,null,"/books/OL33852290M",130,4.4825174825174825,143,"47",194,"a2bec9ef-28a6-41cb-937b-adaf51dd5ca7","2025-03-29 17:13:07","a2bec9ef-28a6-41cb-937b-adaf51dd5ca7","2025-03-29 17:13:07",1
"The Standard Deviants - Grammar Pitfalls (Learn English Grammar) (SmartBook Visual Learning System) [Includes Video]",null,"",null,null,null,null,null,null,"1581985827","9781581985825",null,null,null,null,"English",null,null,null,"2935912","/books/OL12282594M",165,4.245614035087719,57,"48",334,"a2bec9ef-28a6-41cb-937b-adaf51dd5ca7","2025-03-29 17:13:07","a2bec9ef-28a6-41cb-937b-adaf51dd5ca7","2025-03-29 17:13:07",1
"Sorry I Wasn't Listening I Was Thinking about Drew Brees","Drew Brees Journal Diary Notebook","",null,null,null,null,null,"0.291",null,"9781727534535",null,null,null,null,"English",null,null,null,null,"/books/OL56703186M",130,4.429906542056075,107,"6",219,"a2bec9ef-28a6-41cb-937b-adaf51dd5ca7","2025-03-29 17:13:07","a2bec9ef-28a6-41cb-937b-adaf51dd5ca7","2025-03-29 17:13:07",1
"Restoration (the Queen's Binding) Ultra 12-Month Day-at-a-time Softcover Flexi Dayplanner 2025 (Elastic Band Closure)",null,"","432",null,null,null,null,null,null,"9781408758502",null,null,null,null,"English",null,null,null,"14672709","/books/OL51045845M",145,4.408450704225352,71,"49",62,"a2bec9ef-28a6-41cb-937b-adaf51dd5ca7","2025-03-29 17:13:07","a2bec9ef-28a6-41cb-937b-adaf51dd5ca7","2025-03-29 17:13:07",1
"Celestial Forecaster 2008",null,"",null,null,null,null,null,null,"0973151854",null,null,null,null,null,null,null,null,null,null,"/books/OL11800086M",120,4.0576923076923075,52,null,261,"a2bec9ef-28a6-41cb-937b-adaf51dd5ca7","2025-03-29 17:13:07","a2bec9ef-28a6-41cb-937b-adaf51dd5ca7","2025-03-29 17:13:07",1
"Binding of a Witch",null,"",null,null,null,null,null,null,null,"9780984592944",null,null,null,null,null,null,null,null,"7820352","/books/OL26149827M",145,4.4485981308411215,107,"50",136,"a2bec9ef-28a6-41cb-937b-adaf51dd5ca7","2025-03-29 17:13:07","a2bec9ef-28a6-41cb-937b-adaf51dd5ca7","2025-03-29 17:13:07",1
"Using the Internet for Your Research",null,"","160",null,null,null,null,"0.300",null,"9780749424923",null,null,null,null,"English",null,null,null,null,"/books/OL50567348M",130,4.214285714285714,42,"51",226,"a2bec9ef-28a6-41cb-937b-adaf51dd5ca7","2025-03-29 17:13:07","a2bec9ef-28a6-41cb-937b-adaf51dd5ca7","2025-03-29 17:13:07",1
"Here I am!",null,"",null,null,null,null,null,null,"087406791X","9780874067910",null,null,null,null,"English",null,null,null,"13089312","/books/OL11119094M",165,4.2298850574712645,87,"52",307,"a2bec9ef-28a6-41cb-937b-adaf51dd5ca7","2025-03-29 17:13:07","a2bec9ef-28a6-41cb-937b-adaf51dd5ca7","2025-03-29 17:13:07",1
"The Stars Now Unclaimed",null,"",null,null,null,null,null,null,"1471171124","9781471171123",null,null,null,null,null,null,null,null,null,"/books/OL42929257M",150,4.136363636363637,44,"53",121,"a2bec9ef-28a6-41cb-937b-adaf51dd5ca7","2025-03-29 17:13:07","a2bec9ef-28a6-41cb-937b-adaf51dd5ca7","2025-03-29 17:13:07",1
"Albert Einstein, Max Born: Briefwechsel 1916-1955",null,"",null,null,null,null,null,null,"3548343457",null,null,null,null,null,null,null,null,null,"12648287","/books/OL37092810M",145,4.211,1000,"54",108,"a2bec9ef-28a6-41cb-937b-adaf51dd5ca7","2025-03-29 17:13:07","a2bec9ef-28a6-41cb-937b-adaf51dd5ca7","2025-03-29 17:13:07",1
"Innovative Shape Design","A Configuration Space Approach","","76",null,null,null,null,"0.286",null,"9781340269074",null,null,null,null,"English",null,null,null,null,"/books/OL39063869M",130,4.125,96,"13",109,"a2bec9ef-28a6-41cb-937b-adaf51dd5ca7","2025-03-29 17:13:07","a2bec9ef-28a6-41cb-937b-adaf51dd5ca7","2025-03-29 17:13:07",1
"Christian Friendship Bracelets Activity Pack",null,"",null,null,null,null,null,null,"0842320911","9780842320917",null,null,null,null,"English",null,null,null,null,"/books/OL11529513M",150,4.053571428571429,56,"55",206,"a2bec9ef-28a6-41cb-937b-adaf51dd5ca7","2025-03-29 17:13:07","a2bec9ef-28a6-41cb-937b-adaf51dd5ca7","2025-03-29 17:13:07",1
"Saint Anne of the mountains","the story of a summer in a Canadian pilgrimage village","","215 p., 17 leaves of plates :",null,null,null,null,null,null,null,null,null,null,null,"English",null,null,null,"10054915","/books/OL26544027M",125,4.685185185185185,54,"56",40,"a2bec9ef-28a6-41cb-937b-adaf51dd5ca7","2025-03-29 17:13:07","a2bec9ef-28a6-41cb-937b-adaf51dd5ca7","2025-03-29 17:13:07",1
"Bundle : Cengage Advantage Books : Algebra : Beginning and Intermediate, 3rd + WebAssign Printed Access Card for Aufmann/Lockwood's Algebra","Beginning and Intermediate, Single-Term","",null,null,null,null,null,"1.670",null,"9781305236097",null,null,null,null,"English",null,null,null,"14071720","/books/OL34034158M",145,4.095238095238095,42,"57",52,"a2bec9ef-28a6-41cb-937b-adaf51dd5ca7","2025-03-29 17:13:07","a2bec9ef-28a6-41cb-937b-adaf51dd5ca7","2025-03-29 17:13:07",1
"Lessons in English","Book Two","","396",null,null,null,null,"0.555",null,"9781014956330",null,null,null,null,"English",null,null,null,null,"/books/OL46291288M",130,4.416666666666667,120,"13",298,"a2bec9ef-28a6-41cb-937b-adaf51dd5ca7","2025-03-29 17:13:07","a2bec9ef-28a6-41cb-937b-adaf51dd5ca7","2025-03-29 17:13:07",1
"Laser Remote Sensing of the Ocean","Methods and Applications (Wiley Series in Lasers and Applications)","",null,null,null,null,null,null,"0471389277","9780471389279",null,null,null,null,"English",null,null,null,"304154","/books/OL7616331M",165,4.144927536231884,69,"58",251,"a2bec9ef-28a6-41cb-937b-adaf51dd5ca7","2025-03-29 17:13:07","a2bec9ef-28a6-41cb-937b-adaf51dd5ca7","2025-03-29 17:13:07",1
"Hand Writing Hold on Let Me Overthink This(1)",null,"","114",null,null,null,null,"0.227",null,"9798778370289",null,null,null,null,"English",null,null,null,null,"/books/OL40132450M",130,4.031914893617022,94,"31",160,"a2bec9ef-28a6-41cb-937b-adaf51dd5ca7","2025-03-29 17:13:07","a2bec9ef-28a6-41cb-937b-adaf51dd5ca7","2025-03-29 17:13:07",1
"a B C of Strawberry Culture, for Farmers, Village People, and Small Growers",null,"","236",null,null,null,null,"0.336",null,"9781016927772",null,null,null,null,"English",null,null,null,null,"/books/OL46429062M",130,4.315789473684211,95,"13",204,"a2bec9ef-28a6-41cb-937b-adaf51dd5ca7","2025-03-29 17:13:07","a2bec9ef-28a6-41cb-937b-adaf51dd5ca7","2025-03-29 17:13:07",1
"Vom Spielplatz an Den Konferenztisch",null,"","50",null,null,null,null,"0.077",null,"9783732295159",null,null,null,null,"German",null,null,null,null,"/books/OL49467298M",130,4.0588235294117645,68,"59",103,"a2bec9ef-28a6-41cb-937b-adaf51dd5ca7","2025-03-29 17:13:07","a2bec9ef-28a6-41cb-937b-adaf51dd5ca7","2025-03-29 17:13:07",1
"Geographies of Social Movements","Afro-Colombian Mobilization and the Aquatic Space","",null,null,null,null,null,null,null,"9780822361220",null,null,null,null,"English",null,null,null,"13782407","/books/OL29286684M",145,4.04,75,"60",326,"a2bec9ef-28a6-41cb-937b-adaf51dd5ca7","2025-03-29 17:13:07","a2bec9ef-28a6-41cb-937b-adaf51dd5ca7","2025-03-29 17:13:07",1
"Charlie the ranch dog","Charlie goes to the doctor","When Charlie loses his appetite and is not even tempted by bacon, a worried Mama takes the faithful basset hound to the veterinarian, where his nerves are soothed by a friendly puppy.&#10&#10Charlie has an upset stomach, one bad enough that he doesn't even want bacon, so he goes to see Dr. Jan, a veterinarian.","32 pages",null,null,null,null,null,"0062219189","9780062219183",null,"2013958347",null,null,"English",null,null,null,"11602195","/books/OL27166046M",190,4.419354838709677,155,"61",56,"a2bec9ef-28a6-41cb-937b-adaf51dd5ca7","2025-03-29 17:13:07","a2bec9ef-28a6-41cb-937b-adaf51dd5ca7","2025-03-29 17:13:07",1
"Charlie the ranch dog","Charlie goes to the doctor","When Charlie loses his appetite and is not even tempted by bacon, a worried Mama takes the faithful basset hound to the veterinarian, where his nerves are soothed by a friendly puppy.&#10&#10Charlie has an upset stomach, one bad enough that he doesn't even want bacon, so he goes to see Dr. Jan, a veterinarian.","32 pages",null,null,null,null,null,"0062219170","9780062219176",null,"2013958347",null,null,"English",null,null,null,"11602195","/books/OL27166046M",190,4.419354838709677,155,"61",56,"a2bec9ef-28a6-41cb-937b-adaf51dd5ca7","2025-03-29 17:13:07","a2bec9ef-28a6-41cb-937b-adaf51dd5ca7","2025-03-29 17:13:07",1
"Neurobiology of Steroids (Methods in Neurosciences)",null,"",null,null,null,null,null,"2.6 pounds","012185292X","9780121852924",null,null,null,null,"English",null,null,null,"2320408","/books/OL10071306M",165,4.229508196721311,61,"62",28,"a2bec9ef-28a6-41cb-937b-adaf51dd5ca7","2025-03-29 17:13:07","a2bec9ef-28a6-41cb-937b-adaf51dd5ca7","2025-03-29 17:13:07",1
"Don Prudhomme","The Story Behind the Snake","","144",null,null,null,null,null,null,"9781628738575",null,null,null,null,"English",null,null,null,null,"/books/OL51950459M",130,4.2444444444444445,45,"9",66,"a2bec9ef-28a6-41cb-937b-adaf51dd5ca7","2025-03-29 17:13:07","a2bec9ef-28a6-41cb-937b-adaf51dd5ca7","2025-03-29 17:13:07",1
"The Geographies of Social Movements","Afro-Colombian Mobilization and the Aquatic Space","",null,null,null,null,null,null,"0822361043","9780822361046",null,"2015032647",null,null,null,null,null,null,"8895893","/books/OL27435643M",165,4.04,75,"63",326,"a2bec9ef-28a6-41cb-937b-adaf51dd5ca7","2025-03-29 17:13:07","a2bec9ef-28a6-41cb-937b-adaf51dd5ca7","2025-03-29 17:13:07",1
"Pan-Organizational Summit on the U.S. Science and Engineering Workforce","meeting summary","","xii, 227 p. :",null,null,null,null,null,"0309089603",null,null,"2004299560",null,null,"English",null,null,null,"5057688","/books/OL3325913M",145,4.323529411764706,102,"64",230,"a2bec9ef-28a6-41cb-937b-adaf51dd5ca7","2025-03-29 17:13:07","a2bec9ef-28a6-41cb-937b-adaf51dd5ca7","2025-03-29 17:13:07",1
"Pan-Organizational Summit on the U.S. Science and Engineering Workforce","meeting summary","","xii, 227 p. :",null,null,null,null,null,"0309525306",null,null,"2004299560",null,null,"English",null,null,null,"5057688","/books/OL3325913M",145,4.323529411764706,102,"64",230,"a2bec9ef-28a6-41cb-937b-adaf51dd5ca7","2025-03-29 17:13:07","a2bec9ef-28a6-41cb-937b-adaf51dd5ca7","2025-03-29 17:13:07",1
"Chronic Lymphocytic Leukaemia","Journal Treatment and Condition Log Book","",null,null,null,null,null,"0.282",null,"9781727734089",null,null,null,null,"English",null,null,null,null,"/books/OL56809906M",130,4.154411764705882,136,"6",210,"a2bec9ef-28a6-41cb-937b-adaf51dd5ca7","2025-03-29 17:13:07","a2bec9ef-28a6-41cb-937b-adaf51dd5ca7","2025-03-29 17:13:07",1
"Geographies of Social Movements","Afro-Colombian Mobilization and the Aquatic Space","",null,null,null,null,null,null,null,"9780822374404",null,null,null,null,"English",null,null,null,null,"/books/OL29729516M",130,4.04,75,"60",326,"a2bec9ef-28a6-41cb-937b-adaf51dd5ca7","2025-03-29 17:13:07","a2bec9ef-28a6-41cb-937b-adaf51dd5ca7","2025-03-29 17:13:07",1
"Informal Learning and Field Trips","Engaging Students in Standards-Based Experiences Across the K?5 Curriculum","","160",null,null,null,null,null,null,"9781632200068",null,null,null,null,"English",null,null,null,null,"/books/OL37415215M",130,4.021505376344086,93,"9",295,"a2bec9ef-28a6-41cb-937b-adaf51dd5ca7","2025-03-29 17:13:07","a2bec9ef-28a6-41cb-937b-adaf51dd5ca7","2025-03-29 17:13:07",1
"San nian K ban","Goodbye in July","","252 pages, 4 unnumbered pages of plates",null,null,null,null,null,"751040889X","9787510408892",null,null,null,null,"Chinese",null,null,null,"8775471","/books/OL27300526M",165,4.086206896551724,638,"65",70,"a2bec9ef-28a6-41cb-937b-adaf51dd5ca7","2025-03-29 17:13:07","a2bec9ef-28a6-41cb-937b-adaf51dd5ca7","2025-03-29 17:13:07",1
"Quantum theory, deformation, and integrability",null,"","xi, 407 p. ;",null,null,null,null,null,"0444506217",null,null,"00047685",null,null,"English",null,null,null,"1232562","/books/OL6788746M",145,4.151898734177215,79,"66",155,"a2bec9ef-28a6-41cb-937b-adaf51dd5ca7","2025-03-29 17:13:07","a2bec9ef-28a6-41cb-937b-adaf51dd5ca7","2025-03-29 17:13:07",1
"Towards an effective use of relational database management systems",null,"","213 p. :",null,null,null,null,null,"9051700849",null,null,null,null,null,"English",null,null,null,null,"/books/OL18579015M",130,4.320987654320987,162,"67",105,"a2bec9ef-28a6-41cb-937b-adaf51dd5ca7","2025-03-29 17:13:07","a2bec9ef-28a6-41cb-937b-adaf51dd5ca7","2025-03-29 17:13:07",1
"Mito Como Elemento Estructurante en la Novela Maladrón de Miguel Ángel Asturias",null,"","210",null,null,null,null,"0.618",null,"9798712345465",null,null,null,null,"Spanish",null,null,null,null,"/books/OL49066985M",130,4.105590062111801,483,"31",192,"a2bec9ef-28a6-41cb-937b-adaf51dd5ca7","2025-03-29 17:13:07","a2bec9ef-28a6-41cb-937b-adaf51dd5ca7","2025-03-29 17:13:07",1
"Supernatural Bounty Hunter Files","Special Edition #1","","624",null,null,null,null,"0.823",null,"9781941208847",null,null,null,null,"English",null,null,null,"14155654","/books/OL34948775M",145,4.294117647058823,68,"16",36,"a2bec9ef-28a6-41cb-937b-adaf51dd5ca7","2025-03-29 17:13:07","a2bec9ef-28a6-41cb-937b-adaf51dd5ca7","2025-03-29 17:13:07",1
"Portraits in oil",null,"","80 p. :",null,null,null,null,null,"0823041050",null,null,"80019065",null,null,"English",null,null,null,"8507386","/books/OL4104441M",145,4.1,110,"68",45,"a2bec9ef-28a6-41cb-937b-adaf51dd5ca7","2025-03-29 17:13:07","a2bec9ef-28a6-41cb-937b-adaf51dd5ca7","2025-03-29 17:13:07",1
"Quantitative Evaluation of Systems","14th International Conference, QEST 2017, Berlin, Germany, September 5-7, 2017, Proceedings","",null,null,null,null,null,null,"3319663348","9783319663340",null,null,null,null,null,null,null,null,"10136206","/books/OL28200757M",165,4.214285714285714,140,"69",102,"a2bec9ef-28a6-41cb-937b-adaf51dd5ca7","2025-03-29 17:13:07","a2bec9ef-28a6-41cb-937b-adaf51dd5ca7","2025-03-29 17:13:07",1
"La difícil supervivencia de la especie humana","ecología y globalización","",null,null,null,null,null,null,"8495058677","9788495058676",null,null,null,null,null,null,null,null,"14154773","/books/OL47538084M",165,4.381818181818182,110,"70",211,"a2bec9ef-28a6-41cb-937b-adaf51dd5ca7","2025-03-29 17:13:07","a2bec9ef-28a6-41cb-937b-adaf51dd5ca7","2025-03-29 17:13:07",1
"Supernatural Bounty Hunter Files","Smoke and Mirrors","",null,null,null,null,null,"0.209",null,"9781941208274",null,null,null,null,"English",null,null,null,null,"/books/OL34914145M",130,4.294117647058823,68,"16",36,"a2bec9ef-28a6-41cb-937b-adaf51dd5ca7","2025-03-29 17:13:07","a2bec9ef-28a6-41cb-937b-adaf51dd5ca7","2025-03-29 17:13:07",1
"AW est Norfolk camera","Kings Lynn, Wells & Wisbech in old photographs","","(126)p. :",null,null,null,null,null,"0906798086",null,null,"gb83016210",null,null,"English",null,null,null,null,"/books/OL20626433M",130,4.121951219512195,41,"71",4,"a2bec9ef-28a6-41cb-937b-adaf51dd5ca7","2025-03-29 17:13:07","a2bec9ef-28a6-41cb-937b-adaf51dd5ca7","2025-03-29 17:13:07",1
"Burning Chambers",null,"",null,null,null,null,null,null,"1250619726","9781250619723",null,null,null,null,null,null,null,null,"9331529","/books/OL27943640M",165,4.044943820224719,178,"72",11,"a2bec9ef-28a6-41cb-937b-adaf51dd5ca7","2025-03-29 17:13:07","a2bec9ef-28a6-41cb-937b-adaf51dd5ca7","2025-03-29 17:13:07",1
"Ready to Read - Three Little Pigs",null,"","31",null,null,null,null,"0.202",null,"9781846104022",null,null,null,null,"English",null,null,null,null,"/books/OL35462827M",130,4.2631578947368425,57,"73",24,"a2bec9ef-28a6-41cb-937b-adaf51dd5ca7","2025-03-29 17:13:07","a2bec9ef-28a6-41cb-937b-adaf51dd5ca7","2025-03-29 17:13:07",1
"Apostle for Our Time Pope Paul VI",null,"","278",null,null,null,null,"0.568",null,"9780343138158",null,null,null,null,"English",null,null,null,null,"/books/OL39022754M",130,4.177777777777778,45,"13",218,"a2bec9ef-28a6-41cb-937b-adaf51dd5ca7","2025-03-29 17:13:07","a2bec9ef-28a6-41cb-937b-adaf51dd5ca7","2025-03-29 17:13:07",1
"Droits de l'homme","seconde partie, réunissant les principes et la pratique","","[4], iv, 16, 224 p.",null,null,null,null,null,null,null,null,"04015923",null,null,"French",null,null,null,"11863420","/books/OL33158230M",125,4.063063063063063,111,"74",258,"a2bec9ef-28a6-41cb-937b-adaf51dd5ca7","2025-03-29 17:13:07","a2bec9ef-28a6-41cb-937b-adaf51dd5ca7","2025-03-29 17:13:07",1
"SURE Food Safety Manager Manual w/2017 FDA Food Code",null,"",null,null,null,null,null,null,"096007631X","9780960076314",null,null,null,null,null,null,null,null,null,"/books/OL53396719M",140,4.423076923076923,78,null,72,"a2bec9ef-28a6-41cb-937b-adaf51dd5ca7","2025-03-29 17:13:07","a2bec9ef-28a6-41cb-937b-adaf51dd5ca7","2025-03-29 17:13:07",1
"Legion Awakes",null,"",null,null,null,null,null,"0.382",null,"9781537568096",null,null,null,null,"English",null,null,null,null,"/books/OL55331867M",130,4.5813953488372094,43,"6",178,"a2bec9ef-28a6-41cb-937b-adaf51dd5ca7","2025-03-29 17:13:07","a2bec9ef-28a6-41cb-937b-adaf51dd5ca7","2025-03-29 17:13:07",1
"Ohio - Black Lined Notebook with Margins","101 Pages, Medium Ruled, 6 X 9 Journal, Soft Cover","",null,null,null,null,null,"0.218",null,"9781976532979",null,null,null,null,"English",null,null,null,null,"/books/OL55867110M",130,4.144927536231884,69,"6",92,"a2bec9ef-28a6-41cb-937b-adaf51dd5ca7","2025-03-29 17:13:07","a2bec9ef-28a6-41cb-937b-adaf51dd5ca7","2025-03-29 17:13:07",1
"Silloth Tide Tables 2019",null,"",null,null,null,null,null,"0.068",null,"9781724761453",null,null,null,null,"English",null,null,null,null,"/books/OL56689649M",130,4.2727272727272725,44,"6",91,"a2bec9ef-28a6-41cb-937b-adaf51dd5ca7","2025-03-29 17:13:07","a2bec9ef-28a6-41cb-937b-adaf51dd5ca7","2025-03-29 17:13:07",1
"Sustainable architecture containers 2",null,"Shipping containers were designed to provide an economically viable way to store and transport goods over long distances in watertight conditions. Filled with illustrations, this volume explores the innovative new ways in which architects are using shipping containers to create affordable and sustainable projects.","111 pages",null,null,null,null,null,"8415829310","9788415829317",null,null,null,null,"English",null,null,null,null,"/books/OL27165106M",165,4.37962962962963,108,null,10,"a2bec9ef-28a6-41cb-937b-adaf51dd5ca7","2025-03-29 17:13:07","a2bec9ef-28a6-41cb-937b-adaf51dd5ca7","2025-03-29 17:13:07",1
"Who Was to Blame for World War II? History of the World - Children's History",null,"","64",null,null,null,null,null,null,"9781541920026",null,null,null,null,"English",null,null,null,null,"/books/OL51783930M",130,4.085106382978723,47,"75",284,"a2bec9ef-28a6-41cb-937b-adaf51dd5ca7","2025-03-29 17:13:07","a2bec9ef-28a6-41cb-937b-adaf51dd5ca7","2025-03-29 17:13:07",1
"Technical Report of Naep's 1990 Trial State Assessment Program",null,"",null,null,null,null,null,null,"9994349031","9789994349036",null,null,null,null,null,null,null,null,null,"/books/OL13305782M",150,4.168674698795181,83,"76",31,"a2bec9ef-28a6-41cb-937b-adaf51dd5ca7","2025-03-29 17:13:07","a2bec9ef-28a6-41cb-937b-adaf51dd5ca7","2025-03-29 17:13:07",1
"Los economistas en su laberinto",null,"","223 p. ;",null,null,null,null,null,"8430600299",null,null,"97138790",null,null,"Spanish",null,null,null,null,"/books/OL745734M",130,4.046511627906977,43,"77",14,"a2bec9ef-28a6-41cb-937b-adaf51dd5ca7","2025-03-29 17:13:07","a2bec9ef-28a6-41cb-937b-adaf51dd5ca7","2025-03-29 17:13:07",1
"Advanced Mathematical Tools for Control Engineers: Volume 1","Deterministic Systems (Advanced Mathematical Tools for Control Engineers) (Advanced Mathematical Tools for Control Engineers)","",null,null,null,null,null,"3.4 pounds","0080446744","9780080446745",null,null,null,null,"English",null,null,null,"2319234","/books/OL9978872M",165,4.072289156626506,83,"78",110,"a2bec9ef-28a6-41cb-937b-adaf51dd5ca7","2025-03-29 17:13:07","a2bec9ef-28a6-41cb-937b-adaf51dd5ca7","2025-03-29 17:13:07",1
"Promoted to Grandma Est. 2020","Unruled Composition Book","","102",null,null,null,null,"0.259",null,"9781698610245",null,null,null,null,"English",null,null,null,null,"/books/OL41543027M",130,4.290909090909091,55,"31",335,"a2bec9ef-28a6-41cb-937b-adaf51dd5ca7","2025-03-29 17:13:07","a2bec9ef-28a6-41cb-937b-adaf51dd5ca7","2025-03-29 17:13:07",1
"Children and Their Families in Big Cities","Strategies for Service Reform","",null,null,null,null,null,null,"0614979536","9780614979534",null,null,null,null,"English",null,null,null,null,"/books/OL10982896M",150,4.444444444444445,108,"79",150,"a2bec9ef-28a6-41cb-937b-adaf51dd5ca7","2025-03-29 17:13:07","a2bec9ef-28a6-41cb-937b-adaf51dd5ca7","2025-03-29 17:13:07",1
"Trump's Unfinished Business","10 Prophecies to Save America","",null,null,null,null,null,null,"1922273139","9781922273130",null,null,null,null,null,null,null,null,"10101927","/books/OL28162643M",165,4.102739726027397,146,"80",235,"a2bec9ef-28a6-41cb-937b-adaf51dd5ca7","2025-03-29 17:13:07","a2bec9ef-28a6-41cb-937b-adaf51dd5ca7","2025-03-29 17:13:07",1
"Organisasi dan tata kerja Departemen Pariwisata, Pos dan Telekomunikasi nomor, KM.08/OT.003/PPT-83",null,"Internal decree of the Minister of Tourism, Post, and Telecommunications on the structure and organization within the Dept. of Tourism, Post, and Telecommunication.","xvii, 125 p.",null,null,null,null,null,null,null,null,"91946012",null,null,"Indonesian",null,null,null,null,"/books/OL1694164M",135,4.072727272727272,55,"81",80,"a2bec9ef-28a6-41cb-937b-adaf51dd5ca7","2025-03-29 17:13:07","a2bec9ef-28a6-41cb-937b-adaf51dd5ca7","2025-03-29 17:13:07",1
"Bullet Journal Notebook for Cat Lovers Crowd of Cats Pattern 4","112 Page Numbered Graph Style Grid Bullet Journal with Index Pages and Key Pages in Portable 6 X 9 Size","",null,null,null,null,null,"0.223",null,"9781979890571",null,null,null,null,"English",null,null,null,null,"/books/OL54760810M",130,4.015384615384615,65,"6",264,"a2bec9ef-28a6-41cb-937b-adaf51dd5ca7","2025-03-29 17:13:07","a2bec9ef-28a6-41cb-937b-adaf51dd5ca7","2025-03-29 17:13:07",1
"Light Fantastic","A Speculative Fiction Anthology","",null,null,null,null,null,null,null,"9781734754452",null,null,null,null,"English",null,null,null,null,"/books/OL36480531M",130,5.0,43,"82",26,"a2bec9ef-28a6-41cb-937b-adaf51dd5ca7","2025-03-29 17:13:07","a2bec9ef-28a6-41cb-937b-adaf51dd5ca7","2025-03-29 17:13:07",1
"Attendre un enfant","Édition 2014","",null,null,null,null,null,null,"2012312322","9782012312326",null,null,null,null,null,null,null,null,null,"/books/OL43436665M",150,4.333333333333333,84,"83",168,"a2bec9ef-28a6-41cb-937b-adaf51dd5ca7","2025-03-29 17:13:07","a2bec9ef-28a6-41cb-937b-adaf51dd5ca7","2025-03-29 17:13:07",1
"The Stars Now Unclaimed",null,"'Jane Kamali is an agent for the Justified. Her mission: to recruit children with miraculous gifts in the hope that they might prevent the Pulse from once again sending countless worlds back to the dark ages.  Hot on her trail is the Pax--a collection of fascist zealots who believe they are the rightful rulers of the galaxy and who remain untouched by the Pulse.  Now Jane, a handful of comrades from her past, and a telekinetic girl called Esa must fight their way through a galaxy full of dangerous conflicts, remnants of ancient technology, and other hidden dangers.  And that's just the beginning...'--Amazon.","447 p.",null,null,null,null,"660 grams","1250186110","9781250186119",null,"2018288959",null,null,"English",null,null,null,"10453458","/books/OL26962027M",190,4.136363636363637,44,"84",121,"a2bec9ef-28a6-41cb-937b-adaf51dd5ca7","2025-03-29 17:13:07","a2bec9ef-28a6-41cb-937b-adaf51dd5ca7","2025-03-29 17:13:07",1
"Stars Now Unclaimed",null,"","400",null,null,null,null,null,null,"9781471171130",null,null,null,null,"English",null,null,null,null,"/books/OL34911231M",130,4.136363636363637,44,"85",121,"a2bec9ef-28a6-41cb-937b-adaf51dd5ca7","2025-03-29 17:13:07","a2bec9ef-28a6-41cb-937b-adaf51dd5ca7","2025-03-29 17:13:07",1
"Unity Catholic Churches the Great Euchologion 2nd Edition",null,"",null,null,null,null,null,"0.909",null,"9781484853207",null,null,null,null,"English",null,null,null,null,"/books/OL54322384M",130,4.537037037037037,54,"6",231,"a2bec9ef-28a6-41cb-937b-adaf51dd5ca7","2025-03-29 17:13:07","a2bec9ef-28a6-41cb-937b-adaf51dd5ca7","2025-03-29 17:13:07",1
"Tom O'Clock 5. El tesoro de Egipto",null,"",null,null,null,null,null,null,"8424662490","9788424662493",null,null,null,null,null,null,null,null,"13713428","/books/OL47262715M",165,4.575539568345324,139,"86",5,"a2bec9ef-28a6-41cb-937b-adaf51dd5ca7","2025-03-29 17:13:07","a2bec9ef-28a6-41cb-937b-adaf51dd5ca7","2025-03-29 17:13:07",1
"The Political Ecology of Pakistan",null,"",null,null,null,null,null,null,"1525534610","9781525534614",null,null,null,null,null,null,null,null,"9220341","/books/OL27825765M",165,4.204545454545454,44,"87",43,"a2bec9ef-28a6-41cb-937b-adaf51dd5ca7","2025-03-29 17:13:07","a2bec9ef-28a6-41cb-937b-adaf51dd5ca7","2025-03-29 17:13:07",1
"Pan-Organizational Summit on the U.S. Science and Engineering Workforce","Meeting Summary","",null,null,null,null,null,"1 pounds","0309089603","9780309089609",null,"2004299560",null,null,"English",null,null,null,"2363303","/books/OL10358762M",165,4.323529411764706,102,"64",230,"a2bec9ef-28a6-41cb-937b-adaf51dd5ca7","2025-03-29 17:13:07","a2bec9ef-28a6-41cb-937b-adaf51dd5ca7","2025-03-29 17:13:07",1
"The quick and the dead",null,"'Alice, Corvus, and Annabel, each a motherless child, are an unlikely circle of friends. One filled with convictions, another with loss, the third with a worldly pragmatism, they traverse an air-conditioned landscape eccentric with signs and portents - from the preservation of the living dead in a nursing home to the presentation of the dead as living in a wild-life museum - accompanied by restless, confounded adults.&#10&#10A father lusts after his handsome gardener even as he's haunted (literally) by his dead wife; a heartbroken dog runs afoul of an angry neighbor; a young stroke victim drifts westward, his luck running from worse to awful; a sickly musician for whom Alice develops an attraction is drawn instead toward darker imaginings and solutions; and an aging big-game hunter finds spiritual renewal through his infatuation with an eight-year-old - the formidable Emily Bliss Pickless.&#10&#10With nature thoroughly routed and the ambiguities of existence on full display, life and death continue in directions both invisible and apparent.'--BOOK JACKET.","307 p. ;",null,null,null,null,null,"067944646X",null,null,"00034912",null,null,"English",null,null,null,"418607","/books/OL6783822M",170,4.413223140495868,121,"88",196,"a2bec9ef-28a6-41cb-937b-adaf51dd5ca7","2025-03-29 17:13:07","a2bec9ef-28a6-41cb-937b-adaf51dd5ca7","2025-03-29 17:13:07",1
"Lucid Body","A Guide for the Physical Actor","",null,null,null,null,null,null,null,"9781581157550",null,null,null,null,"English",null,null,null,null,"/books/OL33350766M",130,4.237410071942446,139,"9",272,"a2bec9ef-28a6-41cb-937b-adaf51dd5ca7","2025-03-29 17:13:07","a2bec9ef-28a6-41cb-937b-adaf51dd5ca7","2025-03-29 17:13:07",1
"Peleus, Bd. 12: Von Wien nach Kalavryta Die blutige Spur der 117. J ager-Division durch Serbien und Griechenland",null,"",null,null,null,null,null,null,"3933925223",null,null,null,null,null,"German",null,null,null,null,"/books/OL22510489M",130,4.074468085106383,94,"89",114,"a2bec9ef-28a6-41cb-937b-adaf51dd5ca7","2025-03-29 17:13:07","a2bec9ef-28a6-41cb-937b-adaf51dd5ca7","2025-03-29 17:13:07",1
"Keep Calm and Let the Sister of the Groom Handle It",null,"","110",null,null,null,null,"0.218",null,"9781522002444",null,null,null,null,"English",null,null,null,null,"/books/OL40639181M",130,4.590909090909091,44,"31",96,"a2bec9ef-28a6-41cb-937b-adaf51dd5ca7","2025-03-29 17:13:07","a2bec9ef-28a6-41cb-937b-adaf51dd5ca7","2025-03-29 17:13:07",1
"Analog-Mixed Signal Verification",null,"",null,null,null,null,null,"0.645",null,"9781519265265",null,null,null,null,"English",null,null,null,null,"/books/OL55914688M",130,4.012987012987013,77,"6",81,"a2bec9ef-28a6-41cb-937b-adaf51dd5ca7","2025-03-29 17:13:07","a2bec9ef-28a6-41cb-937b-adaf51dd5ca7","2025-03-29 17:13:07",1
"Hiking Alabama","a guide to the state's greatest hiking adventures","","xi, 305 pages",null,null,null,null,null,"0762787295","9780762787296",null,"2015452140",null,null,"English",null,null,null,null,"/books/OL27164365M",150,4.4825174825174825,143,"90",194,"a2bec9ef-28a6-41cb-937b-adaf51dd5ca7","2025-03-29 17:13:07","a2bec9ef-28a6-41cb-937b-adaf51dd5ca7","2025-03-29 17:13:07",1
"Silver in the Fifty-First Congress","Preceded by a Summary of the Coinage Laws of the United States, Prior to 1873, and a History of the Act of 1873 and the Act Of 1878","","166",null,null,null,null,"0.241",null,"9781021848598",null,null,null,null,"English",null,null,null,null,"/books/OL50810510M",130,4.62962962962963,54,"13",101,"a2bec9ef-28a6-41cb-937b-adaf51dd5ca7","2025-03-29 17:13:07","a2bec9ef-28a6-41cb-937b-adaf51dd5ca7","2025-03-29 17:13:07",1
"The 2000 Espn Information Please Sports Almanac",null,"",null,null,null,null,null,"1.4 pounds","078688472X","9780786884728",null,null,null,null,"English",null,null,null,"546192","/books/OL8143380M",165,4.275862068965517,58,"91",222,"a2bec9ef-28a6-41cb-937b-adaf51dd5ca7","2025-03-29 17:13:07","a2bec9ef-28a6-41cb-937b-adaf51dd5ca7","2025-03-29 17:13:07",1
"Theory of Cryptography","19th International Conference, TCC 2021, Raleigh, NC, USA, November 8-11, 2021, Proceedings, Part I","",null,null,null,null,null,null,null,"9783030904586",null,null,null,null,"English",null,null,null,null,"/books/OL35591551M",130,4.434782608695652,92,"20",7,"a2bec9ef-28a6-41cb-937b-adaf51dd5ca7","2025-03-29 17:13:07","a2bec9ef-28a6-41cb-937b-adaf51dd5ca7","2025-03-29 17:13:07",1
"Sex Magick For Absolute Beginners","A Beginner's Guide to Harnessing and Channeling the Power of Sex Magick | Unlocking the Secrets of Sacred Sexuality for Transformation and Spiritual Awakening","",null,null,null,null,null,null,null,"9798398037548",null,null,null,null,null,null,null,null,null,"/books/OL50452865M",120,4.455445544554456,101,null,255,"a2bec9ef-28a6-41cb-937b-adaf51dd5ca7","2025-03-29 17:13:07","a2bec9ef-28a6-41cb-937b-adaf51dd5ca7","2025-03-29 17:13:07",1
"Majnoun Laylâ et la mystique de l'amour",null,"Le poète arabe Qays ibnal-Mulawwah, devenu le Fou de Laylâ par excès d'amour, a été progressivement annexé par la mystique musulmane, dans le champ arabe puis essentiellement persan, afin de figurer deux modalités particulières du rapport à Dieu : l'amour en dépit de la séparation damnante et l'union à travers ou même grâce à l'absence. Au-delà du motif de l'excès, l'identification et l'expulsion amoureuse expliquent aussi la métaphorisation en laquelle Majnoun désigne le parfait adorateur tandis que son aimée symbolise l'inaccessible divinité.","197 p.",null,null,null,null,null,"2296135684","9782296135680",null,null,null,null,"French",null,null,null,null,"/books/OL45334708M",175,4.12987012987013,77,"92",158,"a2bec9ef-28a6-41cb-937b-adaf51dd5ca7","2025-03-29 17:13:07","a2bec9ef-28a6-41cb-937b-adaf51dd5ca7","2025-03-29 17:13:07",1
"Christmas Story for Lindsey","Christmas Story and Christmas Present","",null,null,null,null,null,"0.136",null,"9781976541131",null,null,null,null,"English",null,null,null,null,"/books/OL54798923M",130,4.232558139534884,43,"6",195,"a2bec9ef-28a6-41cb-937b-adaf51dd5ca7","2025-03-29 17:13:07","a2bec9ef-28a6-41cb-937b-adaf51dd5ca7","2025-03-29 17:13:07",1
"Outlines Of The History Of Classical Philology",null,"",null,null,null,null,null,"5 ounces","1430480009","9781430480006",null,null,null,null,"English",null,null,null,"2868314","/books/OL11927496M",165,4.061224489795919,49,"93",130,"a2bec9ef-28a6-41cb-937b-adaf51dd5ca7","2025-03-29 17:13:07","a2bec9ef-28a6-41cb-937b-adaf51dd5ca7","2025-03-29 17:13:07",1
"Combate a la pobreza y al rezago social en el estado de Guerrero",null,"","281 p. :",null,null,null,null,null,"9683658946",null,null,"99526089",null,null,"Spanish",null,null,null,"3722307","/books/OL139533M",145,4.153846153846154,65,"94",30,"a2bec9ef-28a6-41cb-937b-adaf51dd5ca7","2025-03-29 17:13:07","a2bec9ef-28a6-41cb-937b-adaf51dd5ca7","2025-03-29 17:13:07",1
"Supernatural Bounty Hunter Files","Special Edition #2","",null,null,null,null,null,"0.786",null,"9781946218179",null,null,null,null,"English",null,null,null,null,"/books/OL34912487M",130,4.294117647058823,68,"16",36,"a2bec9ef-28a6-41cb-937b-adaf51dd5ca7","2025-03-29 17:13:07","a2bec9ef-28a6-41cb-937b-adaf51dd5ca7","2025-03-29 17:13:07",1
"English­French Dictionary of Computer Science",null,"",null,null,null,null,null,null,"0785988017","9780785988014",null,null,null,null,null,null,null,null,null,"/books/OL11043014M",150,4.056603773584905,53,"95",191,"a2bec9ef-28a6-41cb-937b-adaf51dd5ca7","2025-03-29 17:13:07","a2bec9ef-28a6-41cb-937b-adaf51dd5ca7","2025-03-29 17:13:07",1
"Albert Einstein, Hedwig und Max Born, Briefwechsel","1916-1955","","329 p. ;",null,null,null,null,null,"388682005X",null,null,"83201688",null,null,"German",null,null,null,"2252820","/books/OL3278026M",145,4.211,1000,"96",108,"a2bec9ef-28a6-41cb-937b-adaf51dd5ca7","2025-03-29 17:13:07","a2bec9ef-28a6-41cb-937b-adaf51dd5ca7","2025-03-29 17:13:07",1
"Dr. Mel's Connecticut Climate Book",null,"","240",null,null,null,null,null,null,"9780819569639",null,null,null,null,"English",null,null,null,null,"/books/OL37363916M",130,4.099337748344371,151,"26",250,"a2bec9ef-28a6-41cb-937b-adaf51dd5ca7","2025-03-29 17:13:07","a2bec9ef-28a6-41cb-937b-adaf51dd5ca7","2025-03-29 17:13:07",1
"Poetry and Paint - Memory",null,"",null,null,null,null,null,null,null,"9781326251581",null,null,null,null,"English",null,null,null,null,"/books/OL39995568M",130,4.211538461538462,52,"28",212,"a2bec9ef-28a6-41cb-937b-adaf51dd5ca7","2025-03-29 17:13:07","a2bec9ef-28a6-41cb-937b-adaf51dd5ca7","2025-03-29 17:13:07",1
"Petroleum Politics and the Texas Railroad Commission",null,"",null,null,null,null,null,"13.6 ounces","0292764898","9780292764897",null,null,null,null,"English",null,null,null,"8174109","/books/OL10294015M",165,4.4605263157894735,76,"97",76,"a2bec9ef-28a6-41cb-937b-adaf51dd5ca7","2025-03-29 17:13:07","a2bec9ef-28a6-41cb-937b-adaf51dd5ca7","2025-03-29 17:13:07",1
"Wage rigidity and macroeconomic performance",null,"","LF",null,null,null,null,null,null,null,null,null,null,null,"English",null,null,null,"14557732","/books/OL50514119M",115,4.274336283185841,113,null,238,"a2bec9ef-28a6-41cb-937b-adaf51dd5ca7","2025-03-29 17:13:07","a2bec9ef-28a6-41cb-937b-adaf51dd5ca7","2025-03-29 17:13:07",1
"My Friends - Mis Amigos - Bilingual Book",null,"","24",null,null,null,null,"0.095",null,"9798587225398",null,null,null,null,"English",null,null,null,null,"/books/OL42348851M",130,4.223684210526316,76,"31",146,"a2bec9ef-28a6-41cb-937b-adaf51dd5ca7","2025-03-29 17:13:07","a2bec9ef-28a6-41cb-937b-adaf51dd5ca7","2025-03-29 17:13:07",1
"New Mexico","In Words and Pictures (State Books)","",null,null,null,null,null,null,"0516439316","9780516439310",null,null,null,null,"English",null,null,null,null,"/books/OL9537905M",150,4.173913043478261,92,"98",215,"a2bec9ef-28a6-41cb-937b-adaf51dd5ca7","2025-03-29 17:13:07","a2bec9ef-28a6-41cb-937b-adaf51dd5ca7","2025-03-29 17:13:07",1
"Experiment and tradition in primary school",null,"",null,null,null,null,null,null,"0416282709",null,null,null,null,null,"English",null,null,null,null,"/books/OL15033511M",130,4.090909090909091,891,"99",94,"a2bec9ef-28a6-41cb-937b-adaf51dd5ca7","2025-03-29 17:13:07","a2bec9ef-28a6-41cb-937b-adaf51dd5ca7","2025-03-29 17:13:07",1
"Black Sun",null,"Black Sun is a bittersweet love story involving an iconoclastic forest ranger and a freckle-faced 'American princess' half his age. Like Lady Chatterley's lover, he initiates her into the rites of sex and the stark, secret harmonies of his wilderness. She, in turn, awakens in him the pleasure of love. Then she mysteriously disappears, plunging him into desolation. Black Sun is a singular novel in Abbey's repertoire, a romantic story of a solitary man's passion for the outdoors and for a woman who is seeing the natural world's true colors for the first time. 'Like most honest novels, Black Sun is partly autobiographical, mostly invention, and entirely true. The voice that speaks in this book is the passionate voice of the forest,' Abbey writes, 'the madness of desire, and the joy of love, and the anguish of final loss.'","180 pages",null,null,null,null,null,"0062323741","9780062323743",null,null,null,null,"English",null,null,null,null,"/books/OL27169122M",165,4.303030303030303,330,null,83,"a2bec9ef-28a6-41cb-937b-adaf51dd5ca7","2025-03-29 17:13:07","a2bec9ef-28a6-41cb-937b-adaf51dd5ca7","2025-03-29 17:13:07",1
"El manejo forestal comunitario en México y sus perspectivas de sustentabilidad",null,"","182 p. :",null,null,null,null,null,"9683658946",null,null,"97217558",null,null,"Spanish",null,null,null,"3722308","/books/OL308238M",145,4.153846153846154,65,"94",30,"a2bec9ef-28a6-41cb-937b-adaf51dd5ca7","2025-03-29 17:13:07","a2bec9ef-28a6-41cb-937b-adaf51dd5ca7","2025-03-29 17:13:07",1
"Don Prudhomme","The Story Behind the Snake","","144",null,null,null,null,null,null,"9781613216972",null,null,null,null,"English",null,null,null,null,"/books/OL51885548M",130,4.2444444444444445,45,"9",66,"a2bec9ef-28a6-41cb-937b-adaf51dd5ca7","2025-03-29 17:13:07","a2bec9ef-28a6-41cb-937b-adaf51dd5ca7","2025-03-29 17:13:07",1
"The authentic person","dealing with dilemma","","142 p.",null,null,null,null,null,"0913592005","9780913592007",null,null,null,null,"English",null,null,null,"6879318","/books/OL24947565M",165,4.395833333333333,96,"100",116,"a2bec9ef-28a6-41cb-937b-adaf51dd5ca7","2025-03-29 17:13:07","a2bec9ef-28a6-41cb-937b-adaf51dd5ca7","2025-03-29 17:13:07",1
"Advanced Introduction to Marketing Strategy",null,"","144",null,null,null,null,"0.666",null,"9781800377905",null,null,null,null,"English",null,null,null,null,"/books/OL37335998M",130,4.173913043478261,69,"101",232,"a2bec9ef-28a6-41cb-937b-adaf51dd5ca7","2025-03-29 17:13:07","a2bec9ef-28a6-41cb-937b-adaf51dd5ca7","2025-03-29 17:13:07",1
"The Administrative State in Canada","Essays in Honour of J. E. Hodgetts","",null,null,null,null,null,null,"0802064809","9780802064806",null,null,null,null,null,null,null,null,"4683097","/books/OL7873494M",165,4.311111111111111,45,"102",201,"a2bec9ef-28a6-41cb-937b-adaf51dd5ca7","2025-03-29 17:13:07","a2bec9ef-28a6-41cb-937b-adaf51dd5ca7","2025-03-29 17:13:07",1
"La guerre de Sécession",null,"",null,null,null,null,null,null,"2262087784","9782262087784",null,null,null,null,null,null,null,null,"10455237","/books/OL30458697M",155,4.5,124,null,65,"a2bec9ef-28a6-41cb-937b-adaf51dd5ca7","2025-03-29 17:13:07","a2bec9ef-28a6-41cb-937b-adaf51dd5ca7","2025-03-29 17:13:07",1
"Studies on Cooling of Fresh Concrete in Freezing Weather",null,"",null,null,null,null,null,null,"0342940163","9780342940165",null,null,null,null,null,null,null,null,"11065320","/books/OL32403230M",165,4.2105263157894735,57,"103",104,"a2bec9ef-28a6-41cb-937b-adaf51dd5ca7","2025-03-29 17:13:07","a2bec9ef-28a6-41cb-937b-adaf51dd5ca7","2025-03-29 17:13:07",1
"Ergebnisse Im Badminton - Asien Spiele 2018",null,"","26",null,null,null,null,"0.086",null,"9781094943688",null,null,null,null,"German",null,null,null,null,"/books/OL41083845M",130,4.2063492063492065,63,"31",237,"a2bec9ef-28a6-41cb-937b-adaf51dd5ca7","2025-03-29 17:13:07","a2bec9ef-28a6-41cb-937b-adaf51dd5ca7","2025-03-29 17:13:07",1
"All about your parrot",null,"","31 p. :",null,null,null,null,null,"0764111922","9780764111921",null,"99072490",null,null,"English",null,null,null,"6872306","/books/OL24928675M",165,4.648148148148148,54,"10",67,"a2bec9ef-28a6-41cb-937b-adaf51dd5ca7","2025-03-29 17:13:07","a2bec9ef-28a6-41cb-937b-adaf51dd5ca7","2025-03-29 17:13:07",1
"Accounting for overseas operations",null,"","ix, 184 p. ;",null,null,null,null,null,"0566025868",null,null,"85030582",null,null,"English",null,null,null,null,"/books/OL2548551M",130,4.644444444444445,45,"104",262,"a2bec9ef-28a6-41cb-937b-adaf51dd5ca7","2025-03-29 17:13:07","a2bec9ef-28a6-41cb-937b-adaf51dd5ca7","2025-03-29 17:13:07",1
"The Born - Einstein Letters","Friendship, Politics and Physics in Uncertain Times","",null,null,null,null,null,"13.4 ounces","1403944962","9781403944962",null,null,null,null,"English",null,null,null,"752992","/books/OL8399867M",165,4.211,1000,"34",108,"a2bec9ef-28a6-41cb-937b-adaf51dd5ca7","2025-03-29 17:13:07","a2bec9ef-28a6-41cb-937b-adaf51dd5ca7","2025-03-29 17:13:07",1
"Stars Now Unclaimed",null,"","464",null,null,null,null,null,null,"9781471171147",null,null,null,null,"English",null,null,null,null,"/books/OL35816878M",130,4.136363636363637,44,"85",121,"a2bec9ef-28a6-41cb-937b-adaf51dd5ca7","2025-03-29 17:13:07","a2bec9ef-28a6-41cb-937b-adaf51dd5ca7","2025-03-29 17:13:07",1
"The Iron Gate","A Twenty Palaces Novel","",null,null,null,null,null,null,null,"9781951617035",null,null,null,null,"English",null,null,null,null,"/books/OL40135981M",130,4.365853658536586,41,"105",42,"a2bec9ef-28a6-41cb-937b-adaf51dd5ca7","2025-03-29 17:13:07","a2bec9ef-28a6-41cb-937b-adaf51dd5ca7","2025-03-29 17:13:07",1
"The Missouri Christian Lectures: Selected from the Courses of 1889, 1890, and 1891",null,"",null,null,null,null,null,null,null,null,null,null,null,null,"English",null,null,null,"6170570","/books/OL23455574M",125,4.035211267605634,142,"106",296,"a2bec9ef-28a6-41cb-937b-adaf51dd5ca7","2025-03-29 17:13:07","a2bec9ef-28a6-41cb-937b-adaf51dd5ca7","2025-03-29 17:13:07",1
"Forty years of wondersing","the High Holy Day sermons of Rabbi Raymond A. Zwerin.","","xxvi, 586 p. ;",null,null,null,null,null,"0978535502",null,null,"2006902788",null,null,"English",null,null,null,null,"/books/OL23710433M",130,4.269230769230769,104,"107",8,"a2bec9ef-28a6-41cb-937b-adaf51dd5ca7","2025-03-29 17:13:07","a2bec9ef-28a6-41cb-937b-adaf51dd5ca7","2025-03-29 17:13:07",1
"A pageant of May","I. The masque of Proserpine; II. The revels of May.","","xii, 13-32 p.",null,null,null,null,null,null,null,null,"14012508",null,null,null,null,null,null,"5700744","/books/OL7140417M",125,4.27906976744186,43,"108",300,"a2bec9ef-28a6-41cb-937b-adaf51dd5ca7","2025-03-29 17:13:07","a2bec9ef-28a6-41cb-937b-adaf51dd5ca7","2025-03-29 17:13:07",1
"Technological Change and the Future of Warfare",null,"",null,null,null,null,null,"1.2 pounds","8170492297","9788170492290",null,"99050470",null,null,null,null,null,null,"11726576","/books/OL9079399M",165,4.434210526315789,76,"109",242,"a2bec9ef-28a6-41cb-937b-adaf51dd5ca7","2025-03-29 17:13:07","a2bec9ef-28a6-41cb-937b-adaf51dd5ca7","2025-03-29 17:13:07",1
"Models of Mystique Photo Book",null,"",null,null,null,null,null,"3.2 ounces","1890028363","9781890028367",null,null,null,null,null,null,null,null,"3031348","/books/OL12188841M",165,4.294117647058823,51,"110",89,"a2bec9ef-28a6-41cb-937b-adaf51dd5ca7","2025-03-29 17:13:07","a2bec9ef-28a6-41cb-937b-adaf51dd5ca7","2025-03-29 17:13:07",1
"Lucid Body","A Guide for the Physical Actor","",null,null,null,null,null,null,null,"9781621537250",null,null,null,null,"English",null,null,null,null,"/books/OL29842954M",130,4.237410071942446,139,"9",272,"a2bec9ef-28a6-41cb-937b-adaf51dd5ca7","2025-03-29 17:13:07","a2bec9ef-28a6-41cb-937b-adaf51dd5ca7","2025-03-29 17:13:07",1
"Anarchical Society","A Study of Order in World Politics","","368",null,null,null,null,"0.550",null,"9780230393394",null,null,null,null,"English",null,null,null,null,"/books/OL39570494M",130,4.142857142857143,42,"111",50,"a2bec9ef-28a6-41cb-937b-adaf51dd5ca7","2025-03-29 17:13:07","a2bec9ef-28a6-41cb-937b-adaf51dd5ca7","2025-03-29 17:13:07",1
"You Are A Hero",null,"",null,null,null,null,null,null,"1717070752","9781717070753",null,null,null,null,null,null,null,null,null,"/books/OL46965602M",150,4.480769230769231,52,"6",112,"a2bec9ef-28a6-41cb-937b-adaf51dd5ca7","2025-03-29 17:13:07","a2bec9ef-28a6-41cb-937b-adaf51dd5ca7","2025-03-29 17:13:07",1
"Understand Phy Anth Arch Im/Tb",null,"",null,null,null,null,null,null,"0314091076","9780314091079",null,null,null,null,null,null,null,null,null,"/books/OL43428688M",140,4.152777777777778,72,null,217,"a2bec9ef-28a6-41cb-937b-adaf51dd5ca7","2025-03-29 17:13:07","a2bec9ef-28a6-41cb-937b-adaf51dd5ca7","2025-03-29 17:13:07",1
"Havin' It Large and Getting Girls",null,"",null,null,null,null,null,null,"0752271881","9780752271880",null,null,null,null,null,null,null,null,"2595039","/books/OL10819298M",165,4.39344262295082,61,"112",316,"a2bec9ef-28a6-41cb-937b-adaf51dd5ca7","2025-03-29 17:13:07","a2bec9ef-28a6-41cb-937b-adaf51dd5ca7","2025-03-29 17:13:07",1
"Self-propelled Vehicles: A Practical Treatise on the Theory, Construction ...",null,"",null,null,null,null,null,null,null,null,null,null,null,null,null,null,null,null,"9737497","/books/OL20578697M",125,4.222222222222222,45,"113",133,"a2bec9ef-28a6-41cb-937b-adaf51dd5ca7","2025-03-29 17:13:07","a2bec9ef-28a6-41cb-937b-adaf51dd5ca7","2025-03-29 17:13:07",1
"Livre de Coloriage - Gros Caractères - Animal Lunatique - Loups",null,"","100",null,null,null,null,"0.318",null,"9798675160761",null,null,null,null,"French",null,null,null,null,"/books/OL42223895M",130,4.488888888888889,45,"31",13,"a2bec9ef-28a6-41cb-937b-adaf51dd5ca7","2025-03-29 17:13:07","a2bec9ef-28a6-41cb-937b-adaf51dd5ca7","2025-03-29 17:13:07",1
"Informal Learning and Field Trips","Engaging Students in Standards-Based Experiences Across the K-5 Curriculum","","160",null,null,null,null,null,null,"9781452297767",null,null,null,null,"English",null,null,null,null,"/books/OL38293983M",130,4.021505376344086,93,"114",295,"a2bec9ef-28a6-41cb-937b-adaf51dd5ca7","2025-03-29 17:13:07","a2bec9ef-28a6-41cb-937b-adaf51dd5ca7","2025-03-29 17:13:07",1
"Effingham Town and County Song Book ... First Town and County Song Book in the World . .",null,"","80",null,null,null,null,"0.291",null,"9781020752124",null,null,null,null,"English",null,null,null,null,"/books/OL50877944M",130,4.123287671232877,73,"13",270,"a2bec9ef-28a6-41cb-937b-adaf51dd5ca7","2025-03-29 17:13:07","a2bec9ef-28a6-41cb-937b-adaf51dd5ca7","2025-03-29 17:13:07",1
"The Quick And The Dead",null,"",null,null,null,null,null,null,null,"9780375727641",null,null,null,null,null,null,null,null,"7649166","/books/OL26059325M",145,4.413223140495868,121,"115",196,"a2bec9ef-28a6-41cb-937b-adaf51dd5ca7","2025-03-29 17:13:07","a2bec9ef-28a6-41cb-937b-adaf51dd5ca7","2025-03-29 17:13:07",1
"Victorian Times",null,"",null,null,null,null,null,null,null,"9780749688721",null,null,null,null,null,null,null,null,null,"/books/OL43673789M",130,4.32089552238806,268,"116",84,"a2bec9ef-28a6-41cb-937b-adaf51dd5ca7","2025-03-29 17:13:07","a2bec9ef-28a6-41cb-937b-adaf51dd5ca7","2025-03-29 17:13:07",1
"Les Actes Des Apotres",null,"",null,null,null,null,null,null,"031170266X","9780311702664",null,null,null,null,"French",null,null,null,null,"/books/OL10384016M",150,4.010989010989011,182,"117",299,"a2bec9ef-28a6-41cb-937b-adaf51dd5ca7","2025-03-29 17:13:07","a2bec9ef-28a6-41cb-937b-adaf51dd5ca7","2025-03-29 17:13:07",1
"Lucid Body","A Guide for the Physical Actor","",null,null,null,null,null,null,null,"9781621537243",null,null,null,null,"English",null,null,null,null,"/books/OL29471505M",130,4.237410071942446,139,"9",272,"a2bec9ef-28a6-41cb-937b-adaf51dd5ca7","2025-03-29 17:13:07","a2bec9ef-28a6-41cb-937b-adaf51dd5ca7","2025-03-29 17:13:07",1
"Season of 1925 [catalog]",null,"","47 pages :",null,null,null,null,null,null,null,null,null,null,null,"English",null,null,null,"8035295","/books/OL26352209M",115,4.224137931034483,58,null,53,"a2bec9ef-28a6-41cb-937b-adaf51dd5ca7","2025-03-29 17:13:07","a2bec9ef-28a6-41cb-937b-adaf51dd5ca7","2025-03-29 17:13:07",1
"Text-Book of Nursing","For the Use of Training Schools, Families and Private Students","","428",null,null,null,null,"0.773",null,"9781340253639",null,null,null,null,"English",null,null,null,null,"/books/OL39063519M",130,4.029850746268656,134,"13",198,"a2bec9ef-28a6-41cb-937b-adaf51dd5ca7","2025-03-29 17:13:07","a2bec9ef-28a6-41cb-937b-adaf51dd5ca7","2025-03-29 17:13:07",1
"Studies on Cooling of Fresh Concrete in Freezing Weather",null,"",null,null,null,null,null,null,"0342940171","9780342940172",null,null,null,null,null,null,null,null,"10961198","/books/OL32339628M",165,4.2105263157894735,57,"103",104,"a2bec9ef-28a6-41cb-937b-adaf51dd5ca7","2025-03-29 17:13:07","a2bec9ef-28a6-41cb-937b-adaf51dd5ca7","2025-03-29 17:13:07",1
"Studies on Cooling of Fresh Concrete in Freezing Weather",null,"",null,null,null,null,null,null,"0344977064","9780344977060",null,null,null,null,null,null,null,null,"11097656","/books/OL32437664M",165,4.2105263157894735,57,"118",104,"a2bec9ef-28a6-41cb-937b-adaf51dd5ca7","2025-03-29 17:13:07","a2bec9ef-28a6-41cb-937b-adaf51dd5ca7","2025-03-29 17:13:07",1
"Painless American history",null,"","1 online resource (xi, 290 pages)",null,null,null,null,null,"0764180711","9780764180712",null,null,null,null,"English",null,null,null,null,"/books/OL45478208M",150,4.442748091603053,131,"38",202,"a2bec9ef-28a6-41cb-937b-adaf51dd5ca7","2025-03-29 17:13:07","a2bec9ef-28a6-41cb-937b-adaf51dd5ca7","2025-03-29 17:13:07",1
"Supernatural Bounty Hunter Files","Smoke on the Water","",null,null,null,null,null,"0.195",null,"9781941208182",null,null,null,null,"English",null,null,null,null,"/books/OL34914144M",130,4.294117647058823,68,"16",36,"a2bec9ef-28a6-41cb-937b-adaf51dd5ca7","2025-03-29 17:13:07","a2bec9ef-28a6-41cb-937b-adaf51dd5ca7","2025-03-29 17:13:07",1
"Apostle for Our Time Pope Paul VI",null,"","278",null,null,null,null,"0.395",null,"9780343138141",null,null,null,null,"English",null,null,null,null,"/books/OL39022753M",130,4.177777777777778,45,"13",218,"a2bec9ef-28a6-41cb-937b-adaf51dd5ca7","2025-03-29 17:13:07","a2bec9ef-28a6-41cb-937b-adaf51dd5ca7","2025-03-29 17:13:07",1
"The lucid body","a guide for the physical actor","","p. cm.",null,null,null,null,null,"1581156510","9781581156515",null,"2008037438",null,null,"English",null,null,null,null,"/books/OL22501555M",150,4.237410071942446,139,"119",272,"a2bec9ef-28a6-41cb-937b-adaf51dd5ca7","2025-03-29 17:13:07","a2bec9ef-28a6-41cb-937b-adaf51dd5ca7","2025-03-29 17:13:07",1
"Serbian law in transition","changes and challenges","","365 p. ;",null,null,null,null,null,"8680059668","9788680059662",null,"2010670002",null,null,"English",null,null,null,null,"/books/OL24852129M",150,4.083333333333333,72,"120",115,"a2bec9ef-28a6-41cb-937b-adaf51dd5ca7","2025-03-29 17:13:07","a2bec9ef-28a6-41cb-937b-adaf51dd5ca7","2025-03-29 17:13:07",1
"Iron Gate","A Twenty Palaces Novel","",null,null,null,null,null,null,null,"9781951617028",null,null,null,null,"English",null,null,null,null,"/books/OL40176131M",130,4.365853658536586,41,"105",42,"a2bec9ef-28a6-41cb-937b-adaf51dd5ca7","2025-03-29 17:13:07","a2bec9ef-28a6-41cb-937b-adaf51dd5ca7","2025-03-29 17:13:07",1
"Landscape data for cattle disease eradication in Northern Australia",null,"",null,null,null,null,null,null,"064303997X",null,null,null,null,null,"English",null,null,null,null,"/books/OL15099781M",130,4.674418604651163,43,"121",281,"a2bec9ef-28a6-41cb-937b-adaf51dd5ca7","2025-03-29 17:13:07","a2bec9ef-28a6-41cb-937b-adaf51dd5ca7","2025-03-29 17:13:07",1
"Chitarra Elettrica Nel Blues",null,"","46",null,null,null,null,"0.161",null,"9780244211929",null,null,null,null,"Italian",null,null,null,null,"/books/OL49736450M",130,4.08,100,"28",64,"a2bec9ef-28a6-41cb-937b-adaf51dd5ca7","2025-03-29 17:13:07","a2bec9ef-28a6-41cb-937b-adaf51dd5ca7","2025-03-29 17:13:07",1
"La novela corta contemporánea","(desde mediados del siglo XX hasta hoy a través de Ayala, Vila-Matas y Barba)","","303 pages",null,null,null,null,null,"8498955343","9788498955347",null,"2020397797",null,null,"Spanish",null,null,null,null,"/books/OL44071076M",150,4.584415584415584,77,"122",48,"a2bec9ef-28a6-41cb-937b-adaf51dd5ca7","2025-03-29 17:13:07","a2bec9ef-28a6-41cb-937b-adaf51dd5ca7","2025-03-29 17:13:07",1
"Theology of a Truck Driver",null,"","180",null,null,null,null,"0.273",null,"9781098097363",null,null,null,null,"English",null,null,null,null,"/books/OL46511544M",130,4.569767441860465,86,"123",148,"a2bec9ef-28a6-41cb-937b-adaf51dd5ca7","2025-03-29 17:13:07","a2bec9ef-28a6-41cb-937b-adaf51dd5ca7","2025-03-29 17:13:07",1
"Rise State Capital","Transforming Markehb","",null,null,null,null,null,null,null,"9781788214360",null,null,null,null,"English",null,null,null,null,"/books/OL36768464M",130,4.0285714285714285,280,"124",79,"a2bec9ef-28a6-41cb-937b-adaf51dd5ca7","2025-03-29 17:13:07","a2bec9ef-28a6-41cb-937b-adaf51dd5ca7","2025-03-29 17:13:07",1
"Flying : a collection of poems",null,"",null,null,null,null,null,null,null,null,null,null,null,null,null,null,null,null,"8060222","/books/OL26371963M",115,4.365591397849462,93,null,172,"a2bec9ef-28a6-41cb-937b-adaf51dd5ca7","2025-03-29 17:13:07","a2bec9ef-28a6-41cb-937b-adaf51dd5ca7","2025-03-29 17:13:07",1
"Stars Now Unclaimed",null,"","432",null,null,null,null,null,null,"9781250186126",null,null,null,null,"English",null,null,null,null,"/books/OL37469008M",130,4.136363636363637,44,"125",121,"a2bec9ef-28a6-41cb-937b-adaf51dd5ca7","2025-03-29 17:13:07","a2bec9ef-28a6-41cb-937b-adaf51dd5ca7","2025-03-29 17:13:07",1
"Memoria sobre las hormigas inglesas",null,"",null,null,null,null,null,null,"849011370X","9788490113707",null,null,null,null,null,null,null,null,"14177503","/books/OL47558205M",165,4.183431952662722,169,"126",276,"a2bec9ef-28a6-41cb-937b-adaf51dd5ca7","2025-03-29 17:13:07","a2bec9ef-28a6-41cb-937b-adaf51dd5ca7","2025-03-29 17:13:07",1
"Informal Learning and Field Trips","Engaging Students in Standards-Based Experiences Across the K-5 Curriculum","",null,null,null,null,null,"1.4 pounds","1412949793","9781412949798",null,"2007019368",null,null,"English",null,null,null,"2771465","/books/OL11717292M",165,4.021505376344086,93,"114",295,"a2bec9ef-28a6-41cb-937b-adaf51dd5ca7","2025-03-29 17:13:07","a2bec9ef-28a6-41cb-937b-adaf51dd5ca7","2025-03-29 17:13:07",1
"Handbook of GC/MS","fundamentals and applications","","xvi, 591 p. :",null,null,null,null,null,"3527301704",null,null,"2001281026",null,null,"English",null,null,null,"2214949","/books/OL3972065M",145,4.161290322580645,62,"127",321,"a2bec9ef-28a6-41cb-937b-adaf51dd5ca7","2025-03-29 17:13:07","a2bec9ef-28a6-41cb-937b-adaf51dd5ca7","2025-03-29 17:13:07",1
"Studies on cooling of fresh concrete in freezing weather",null,"","63 p. ;",null,null,null,null,null,null,null,null,"a21001798",null,null,null,null,null,null,"5576789","/books/OL7049670M",125,4.2105263157894735,57,"128",104,"a2bec9ef-28a6-41cb-937b-adaf51dd5ca7","2025-03-29 17:13:07","a2bec9ef-28a6-41cb-937b-adaf51dd5ca7","2025-03-29 17:13:07",1
"Temporality and Trinity",null,"",null,null,null,null,null,null,null,"9780823265732",null,null,null,null,"English",null,null,null,null,"/books/OL29720050M",130,4.27906976744186,43,"129",216,"a2bec9ef-28a6-41cb-937b-adaf51dd5ca7","2025-03-29 17:13:07","a2bec9ef-28a6-41cb-937b-adaf51dd5ca7","2025-03-29 17:13:07",1
"Quick and the Dead",null,"",null,null,null,null,null,null,null,"9781299011847",null,null,null,null,"English",null,null,null,null,"/books/OL34497470M",130,4.413223140495868,121,"130",196,"a2bec9ef-28a6-41cb-937b-adaf51dd5ca7","2025-03-29 17:13:07","a2bec9ef-28a6-41cb-937b-adaf51dd5ca7","2025-03-29 17:13:07",1
"Innovative Shape Design","A Configuration Space Approach","","76",null,null,null,null,"0.118",null,"9781376990140",null,null,null,null,"English",null,null,null,null,"/books/OL39091893M",130,4.125,96,"13",109,"a2bec9ef-28a6-41cb-937b-adaf51dd5ca7","2025-03-29 17:13:07","a2bec9ef-28a6-41cb-937b-adaf51dd5ca7","2025-03-29 17:13:07",1
"Baska Kent Ankara",null,"",null,null,null,null,null,null,"6057975723","9786057975720",null,null,null,null,null,null,null,null,"12244409","/books/OL35402168M",165,4.013333333333334,75,"131",205,"a2bec9ef-28a6-41cb-937b-adaf51dd5ca7","2025-03-29 17:13:07","a2bec9ef-28a6-41cb-937b-adaf51dd5ca7","2025-03-29 17:13:07",1
"Forty years of wondersing","the High Holy Day sermons of Rabbi Raymond A. Zwerin.","","xxvi, 586 p. ;",null,null,null,null,null,"0978535502",null,null,"2006902788",null,null,"English",null,null,null,"13001601","/books/OL23993227M",145,4.269230769230769,104,"107",8,"a2bec9ef-28a6-41cb-937b-adaf51dd5ca7","2025-03-29 17:13:07","a2bec9ef-28a6-41cb-937b-adaf51dd5ca7","2025-03-29 17:13:07",1
"Freedom's Cost Is Heroes Lost","In Times of Peace and at Times of War Every American Is Blessed to Be Represented by Our Best","",null,null,null,null,null,"0.368",null,"9781477477182",null,null,null,null,"English",null,null,null,null,"/books/OL55822061M",130,4.704545454545454,44,"6",86,"a2bec9ef-28a6-41cb-937b-adaf51dd5ca7","2025-03-29 17:13:07","a2bec9ef-28a6-41cb-937b-adaf51dd5ca7","2025-03-29 17:13:07",1
"La JUNGLE DU CHÔMAGE",null,"Cet essai est le fruit d'un travail de réflexion sur le chômage, d'écoute de témoignages mettant en exergue les difficultés quotidiennes que rencontrent les chômeurs pour trouver enfin le sésame emploi. Qualifiés, non qualifiés, cadres, jeunes, seniors... tous doivent se battre dans cette jungle du chômage. Cet ouvrage est aussi en partie autobiographique, l'auteur ayant vécu cette situation pendant plus de trois ans.","110 p.",null,null,null,null,null,null,"9782296127920",null,null,null,null,"French",null,null,null,null,"/books/OL43437647M",155,4.168674698795181,249,"132",21,"a2bec9ef-28a6-41cb-937b-adaf51dd5ca7","2025-03-29 17:13:07","a2bec9ef-28a6-41cb-937b-adaf51dd5ca7","2025-03-29 17:13:07",1
"My Animal Album",null,"",null,null,null,null,null,"0.440",null,"9791027603688",null,null,null,null,"English",null,null,null,null,"/books/OL34550196M",130,4.245901639344262,61,"133",161,"a2bec9ef-28a6-41cb-937b-adaf51dd5ca7","2025-03-29 17:13:07","a2bec9ef-28a6-41cb-937b-adaf51dd5ca7","2025-03-29 17:13:07",1
"Halloween Activity Book for Kids","A Fun Halloween Activity Book Filled with Mazes, Coloring Page, Sudoku, Connect the Dots, Word Search and More!","","107",null,null,null,null,"0.341",null,"9798849070933",null,null,null,null,"English",null,null,null,null,"/books/OL40129458M",130,4.1192660550458715,109,"31",331,"a2bec9ef-28a6-41cb-937b-adaf51dd5ca7","2025-03-29 17:13:07","a2bec9ef-28a6-41cb-937b-adaf51dd5ca7","2025-03-29 17:13:07",1
"The Born-Einstein letters","correspondence between Albert Einstein and Max and Hedwig Born from 1916 to 1955, with commentaries by Max Born ; translated","","x, 240 p. :",null,null,null,null,null,"0802703267",null,null,"76126107",null,null,"English",null,null,null,"8474247","/books/OL21165841M",145,4.211,1000,"33",108,"a2bec9ef-28a6-41cb-937b-adaf51dd5ca7","2025-03-29 17:13:07","a2bec9ef-28a6-41cb-937b-adaf51dd5ca7","2025-03-29 17:13:07",1
"Theory of Cryptography","19th International Conference, TCC 2021, Raleigh, NC, USA, November 8-11, 2021, Proceedings, Part III","",null,null,null,null,null,null,null,"9783030904555",null,null,null,null,"English",null,null,null,null,"/books/OL35591505M",130,4.434782608695652,92,"20",7,"a2bec9ef-28a6-41cb-937b-adaf51dd5ca7","2025-03-29 17:13:07","a2bec9ef-28a6-41cb-937b-adaf51dd5ca7","2025-03-29 17:13:07",1
"Temporality and Trinity",null,"",null,null,null,null,null,null,null,"9780823265718",null,"2014045377",null,null,"English",null,null,null,null,"/books/OL28835375M",130,4.27906976744186,43,"134",216,"a2bec9ef-28a6-41cb-937b-adaf51dd5ca7","2025-03-29 17:13:07","a2bec9ef-28a6-41cb-937b-adaf51dd5ca7","2025-03-29 17:13:07",1
"The Anarchical Society","A Study of Order in World Politics","",null,null,null,null,null,null,"0230393381","9780230393387",null,null,null,null,null,null,null,null,"10104461","/books/OL28165536M",165,4.142857142857143,42,"135",50,"a2bec9ef-28a6-41cb-937b-adaf51dd5ca7","2025-03-29 17:13:07","a2bec9ef-28a6-41cb-937b-adaf51dd5ca7","2025-03-29 17:13:07",1
"The Anarchical Society",null,"",null,null,null,null,null,null,"0230393403","9780230393400",null,null,null,null,"English",null,null,null,null,"/books/OL51654815M",150,4.142857142857143,42,"136",50,"a2bec9ef-28a6-41cb-937b-adaf51dd5ca7","2025-03-29 17:13:07","a2bec9ef-28a6-41cb-937b-adaf51dd5ca7","2025-03-29 17:13:07",1
"First Question About The Human",null,"",null,null,null,null,null,null,"0517024160","9780517024164",null,null,null,null,"English",null,null,null,null,"/books/OL7672738M",150,4.3478260869565215,46,"137",322,"a2bec9ef-28a6-41cb-937b-adaf51dd5ca7","2025-03-29 17:13:07","a2bec9ef-28a6-41cb-937b-adaf51dd5ca7","2025-03-29 17:13:07",1
"My First Look at Counting (My First Look at)",null,"",null,null,null,null,null,null,"0863185320","9780863185328",null,null,null,null,"Spanish",null,null,null,"13098193","/books/OL9414229M",165,4.1688311688311686,77,"138",293,"a2bec9ef-28a6-41cb-937b-adaf51dd5ca7","2025-03-29 17:13:07","a2bec9ef-28a6-41cb-937b-adaf51dd5ca7","2025-03-29 17:13:07",1
"Warmth in the Winter",null,"","86",null,null,null,null,"0.100",null,"9781729230008",null,null,null,null,"English",null,null,null,null,"/books/OL41167685M",130,4.155555555555556,90,"31",143,"a2bec9ef-28a6-41cb-937b-adaf51dd5ca7","2025-03-29 17:13:07","a2bec9ef-28a6-41cb-937b-adaf51dd5ca7","2025-03-29 17:13:07",1
"Histoire de l'oeuvre de la Rédemption...",null,"","452",null,null,null,null,"0.627",null,"9781018661773",null,null,null,null,"French",null,null,null,null,"/books/OL46390043M",130,4.008264462809917,121,"13",290,"a2bec9ef-28a6-41cb-937b-adaf51dd5ca7","2025-03-29 17:13:07","a2bec9ef-28a6-41cb-937b-adaf51dd5ca7","2025-03-29 17:13:07",1
"Burning Chambers","A Novel","",null,null,null,null,null,null,null,"9781250202178",null,null,null,null,"English",null,null,null,null,"/books/OL29800355M",130,4.044943820224719,178,"139",11,"a2bec9ef-28a6-41cb-937b-adaf51dd5ca7","2025-03-29 17:13:07","a2bec9ef-28a6-41cb-937b-adaf51dd5ca7","2025-03-29 17:13:07",1
"Lighthouses Around The World : Color by Numbers","Fun And Engaging Lighthouse Themed Coloring Book for Adults","",null,null,null,null,null,null,"107015329X","9781070153292",null,null,null,null,null,null,null,null,"11522935","/books/OL32892045M",165,4.023809523809524,42,"140",141,"a2bec9ef-28a6-41cb-937b-adaf51dd5ca7","2025-03-29 17:13:07","a2bec9ef-28a6-41cb-937b-adaf51dd5ca7","2025-03-29 17:13:07",1
"Advanced Introduction to Marketing Strategy",null,"","144",null,null,null,null,"0.666",null,"9781800377882",null,null,null,null,"English",null,null,null,null,"/books/OL37335968M",130,4.173913043478261,69,"101",232,"a2bec9ef-28a6-41cb-937b-adaf51dd5ca7","2025-03-29 17:13:07","a2bec9ef-28a6-41cb-937b-adaf51dd5ca7","2025-03-29 17:13:07",1
"The complete prenatal water workout book",null,"","xviii, 90 p. :",null,null,null,null,null,"0895293064",null,null,"88007441",null,null,"English",null,null,null,"1654291","/books/OL2031816M",145,4.035398230088496,113,"141",124,"a2bec9ef-28a6-41cb-937b-adaf51dd5ca7","2025-03-29 17:13:07","a2bec9ef-28a6-41cb-937b-adaf51dd5ca7","2025-03-29 17:13:07",1
"Facts for farmers",null,"","2 v. in l. xxii p.l. incl. front. (port.)",null,null,null,null,null,null,null,null,"04028679",null,null,"English",null,null,null,"6323429","/books/OL24145030M",125,4.310924369747899,119,"142",120,"a2bec9ef-28a6-41cb-937b-adaf51dd5ca7","2025-03-29 17:13:07","a2bec9ef-28a6-41cb-937b-adaf51dd5ca7","2025-03-29 17:13:07",1
"Ma tha thu sona 's air do Dhoigh...",null,"",null,null,null,null,null,null,"0861524675","9780861524679",null,null,null,null,null,null,null,null,null,"/books/OL43674449M",140,4.240694789081886,806,null,189,"a2bec9ef-28a6-41cb-937b-adaf51dd5ca7","2025-03-29 17:13:07","a2bec9ef-28a6-41cb-937b-adaf51dd5ca7","2025-03-29 17:13:07",1
"Sew Over It: Sew It, Wear It, Love It",null,"",null,null,null,null,null,null,"009194709X","9780091947095",null,null,null,null,null,null,null,null,"8369546","/books/OL26708079M",165,4.253333333333333,75,"143",157,"a2bec9ef-28a6-41cb-937b-adaf51dd5ca7","2025-03-29 17:13:07","a2bec9ef-28a6-41cb-937b-adaf51dd5ca7","2025-03-29 17:13:07",1
"Mary Baldwin Alumnae Bulletin; July 1959",null,"","30",null,null,null,null,"0.059",null,"9781015063945",null,null,null,null,"English",null,null,null,null,"/books/OL46292687M",130,4.574074074074074,108,"13",23,"a2bec9ef-28a6-41cb-937b-adaf51dd5ca7","2025-03-29 17:13:07","a2bec9ef-28a6-41cb-937b-adaf51dd5ca7","2025-03-29 17:13:07",1
"Beautiful Sinners",null,"",null,null,null,null,null,null,"0867211857","9780867211856",null,"82081998",null,null,null,null,null,null,null,"/books/OL11058604M",150,4.114285714285714,70,"144",119,"a2bec9ef-28a6-41cb-937b-adaf51dd5ca7","2025-03-29 17:13:07","a2bec9ef-28a6-41cb-937b-adaf51dd5ca7","2025-03-29 17:13:07",1
"Help for handicapped people",null,"","27 pages",null,null,null,null,null,null,null,null,null,null,null,"English",null,null,null,"12781855","/books/OL38238566M",125,4.280701754385965,57,"145",61,"a2bec9ef-28a6-41cb-937b-adaf51dd5ca7","2025-03-29 17:13:07","a2bec9ef-28a6-41cb-937b-adaf51dd5ca7","2025-03-29 17:13:07",1
"Informal Learning and Field Trips","Engaging Students in Standards-Based Experiences Across the K-5 Curriculum","",null,null,null,null,null,"15.2 ounces","1412949807","9781412949804",null,null,null,null,"English",null,null,null,"2771466","/books/OL11717293M",165,4.021505376344086,93,"114",295,"a2bec9ef-28a6-41cb-937b-adaf51dd5ca7","2025-03-29 17:13:07","a2bec9ef-28a6-41cb-937b-adaf51dd5ca7","2025-03-29 17:13:07",1
"La fabrique des paroles de musique en France à l'âge classique",null,"","352 pages :",null,null,null,null,null,"2804700607","9782804700607",null,"2012387062",null,null,"French",null,null,null,null,"/books/OL25292293M",150,4.036585365853658,82,"146",60,"a2bec9ef-28a6-41cb-937b-adaf51dd5ca7","2025-03-29 17:13:07","a2bec9ef-28a6-41cb-937b-adaf51dd5ca7","2025-03-29 17:13:07",1
"La cultura figurativa nel Palazzo reale di Palermo","le pitture murali e la quadreria","","280 p.",null,null,null,null,null,"8890680504","9788890680502",null,null,null,null,"Italian",null,null,null,null,"/books/OL43955746M",150,4.183333333333334,60,"147",144,"a2bec9ef-28a6-41cb-937b-adaf51dd5ca7","2025-03-29 17:13:07","a2bec9ef-28a6-41cb-937b-adaf51dd5ca7","2025-03-29 17:13:07",1
"Incredible Hulk (Video novel)",null,"",null,null,null,null,null,null,"0671828274","9780671828271",null,null,null,null,"English",null,null,null,"13211882","/books/OL7666427M",165,4.246153846153846,65,"148",22,"a2bec9ef-28a6-41cb-937b-adaf51dd5ca7","2025-03-29 17:13:07","a2bec9ef-28a6-41cb-937b-adaf51dd5ca7","2025-03-29 17:13:07",1
"Entre le feutre et la feuille",null,"","124 p.",null,null,null,null,null,"2882583176",null,null,"2008351200",null,null,"French",null,null,null,"13924798","/books/OL16639433M",145,4.022222222222222,45,"149",106,"a2bec9ef-28a6-41cb-937b-adaf51dd5ca7","2025-03-29 17:13:07","a2bec9ef-28a6-41cb-937b-adaf51dd5ca7","2025-03-29 17:13:07",1
"The Stars Now Unclaimed",null,"",null,null,null,null,null,null,"1471171116","9781471171116",null,null,null,null,null,null,null,null,null,"/books/OL43539315M",150,4.136363636363637,44,"150",121,"a2bec9ef-28a6-41cb-937b-adaf51dd5ca7","2025-03-29 17:13:07","a2bec9ef-28a6-41cb-937b-adaf51dd5ca7","2025-03-29 17:13:07",1
"Laser remote sensing of the ocean","methods and applications","","x, 244 p. :",null,null,null,null,null,"0471389277",null,null,"00043553",null,null,"English",null,null,null,null,"/books/OL18163842M",130,4.144927536231884,69,"151",251,"a2bec9ef-28a6-41cb-937b-adaf51dd5ca7","2025-03-29 17:13:07","a2bec9ef-28a6-41cb-937b-adaf51dd5ca7","2025-03-29 17:13:07",1
"Seaside blessings",null,"'Starfish Bay could be a fresh start for Kristen Andrews-- even if her new landlord isn't exactly tossing down the welcome mat. Haunted by his past, Clint Nolan isn't ready to open his heart to another woman. But Kristen's also harboring a secret-- the daughter she gave up for adoption nine years ago. When the little girl arrives in the California seaside town, upending Kristen's entire world, the cop-turned-park-ranger can't walk away from them. For he's beginning to feel part of the family of two. Can Clint convince Kristen it's time to claim their long-overdue happy ending?'--Page 4 of cover.","216 pages ;",null,null,null,null,null,"0373878184","9780373878185",null,null,null,null,"English",null,null,null,"8078915","/books/OL26385481M",180,4.370588235294117,340,null,224,"a2bec9ef-28a6-41cb-937b-adaf51dd5ca7","2025-03-29 17:13:07","a2bec9ef-28a6-41cb-937b-adaf51dd5ca7","2025-03-29 17:13:07",1
"Quick and the Dead",null,"",null,null,null,null,null,"0.636",null,"9781860468551",null,null,null,null,"English",null,null,null,null,"/books/OL34408870M",130,4.413223140495868,121,"29",196,"a2bec9ef-28a6-41cb-937b-adaf51dd5ca7","2025-03-29 17:13:07","a2bec9ef-28a6-41cb-937b-adaf51dd5ca7","2025-03-29 17:13:07",1
"Outline of the Embryology of the Eye [electronic Resource]","With Illustrations from Original Pen-Drawings by the Author","","110",null,null,null,null,"0.164",null,"9781014892317",null,null,null,null,"English",null,null,null,"14583923","/books/OL46290378M",145,4.442622950819672,122,"13",34,"a2bec9ef-28a6-41cb-937b-adaf51dd5ca7","2025-03-29 17:13:07","a2bec9ef-28a6-41cb-937b-adaf51dd5ca7","2025-03-29 17:13:07",1
"Don Juan A l'Epreuve",null,"",null,null,null,null,null,null,"0373348843","9780373348848",null,null,null,null,null,null,null,null,null,"/books/OL43436368M",140,4.1395348837209305,43,null,311,"a2bec9ef-28a6-41cb-937b-adaf51dd5ca7","2025-03-29 17:13:07","a2bec9ef-28a6-41cb-937b-adaf51dd5ca7","2025-03-29 17:13:07",1
"Monster of the Maze (Blade 6)",null,"",null,null,null,null,null,null,"0523404360","9780523404363",null,null,null,null,null,null,null,null,"13518558","/books/OL7768882M",165,4.023255813953488,43,"152",138,"a2bec9ef-28a6-41cb-937b-adaf51dd5ca7","2025-03-29 17:13:07","a2bec9ef-28a6-41cb-937b-adaf51dd5ca7","2025-03-29 17:13:07",1
"Dying Young - Why Your Social and Economic Status May Be a Death Sentence in America",null,"",null,null,null,null,null,"0.195",null,"9781976116995",null,null,null,null,"English",null,null,null,null,"/books/OL54758075M",130,4.066433566433567,286,"6",254,"a2bec9ef-28a6-41cb-937b-adaf51dd5ca7","2025-03-29 17:13:07","a2bec9ef-28a6-41cb-937b-adaf51dd5ca7","2025-03-29 17:13:07",1
"Let Me Drop Everything to Work on Your Problems","Jottings Drawings Black Background White Text Design Unlined Notebook - Large 8. 5 X 11 Inches - 110 Pages Notebooks and Journals, for Minimal Design, Sketching, Funny Gag Gift for Coworkers, Funny Gag Gift, Funny Gag Gift for Adults, Sarcastic Gag","",null,null,null,null,null,"0.345",null,"9781721800735",null,null,null,null,"English",null,null,null,null,"/books/OL56157911M",130,4.134615384615385,52,"6",327,"a2bec9ef-28a6-41cb-937b-adaf51dd5ca7","2025-03-29 17:13:07","a2bec9ef-28a6-41cb-937b-adaf51dd5ca7","2025-03-29 17:13:07",1
"Nurse Practitioner Halloween Sketchbook","For Painting, Drawing, Writing, Sketching and Doodling, Halloween Sketch Book, Birthday ,Holiday","","110",null,null,null,null,"0.345",null,"9798451994504",null,null,null,null,"English",null,null,null,null,"/books/OL35215236M",130,4.074074074074074,54,"31",247,"a2bec9ef-28a6-41cb-937b-adaf51dd5ca7","2025-03-29 17:13:07","a2bec9ef-28a6-41cb-937b-adaf51dd5ca7","2025-03-29 17:13:07",1
"The Burning Chambers","A Novel","",null,null,null,null,null,null,"1250223962","9781250223968",null,null,null,null,null,null,null,null,"10429243","/books/OL30103130M",165,4.044943820224719,178,"153",11,"a2bec9ef-28a6-41cb-937b-adaf51dd5ca7","2025-03-29 17:13:07","a2bec9ef-28a6-41cb-937b-adaf51dd5ca7","2025-03-29 17:13:07",1
"Quick Reference Natural Remedy Guide",null,"",null,null,null,null,null,"0.8 ounces","013082674X","9780130826749",null,null,null,null,"English",null,null,null,"13062108","/books/OL10078587M",165,4.195652173913044,46,"154",156,"a2bec9ef-28a6-41cb-937b-adaf51dd5ca7","2025-03-29 17:13:07","a2bec9ef-28a6-41cb-937b-adaf51dd5ca7","2025-03-29 17:13:07",1
"Forty years of wondersing","the High Holy Day sermons of Rabbi Raymond A. Zwerin.","","xxvi, 586 p. ;",null,null,null,null,null,"0978535502",null,null,"2006902788",null,null,"English",null,null,null,null,"/books/OL23824788M",130,4.269230769230769,104,"107",8,"a2bec9ef-28a6-41cb-937b-adaf51dd5ca7","2025-03-29 17:13:07","a2bec9ef-28a6-41cb-937b-adaf51dd5ca7","2025-03-29 17:13:07",1
